locality_code,locality_name_he,locality_name_en,district_he,district_en,population_approx,source
10,תירוש,TIROSH,ירושלים,Jerusalem,,data.gov.il
1015,מבשרת ציון,MEVASSERET ZIYYON,ירושלים,Jerusalem,,data.gov.il
102,מאיר שפיה,ME'IR SHEFEYA,חיפה,Haifa,,data.gov.il
1020,אור עקיבא,OR AQIVA,חיפה,Haifa,,data.gov.il
1024,חרוצים,HARUZIM,המרכז,Center,,data.gov.il
103,תל עדשים,TEL ADASHIM,הצפון,North,,data.gov.il
1031,שדרות,SEDEROT,הדרום,South,,data.gov.il
1034,קרית מלאכי,QIRYAT MAL'AKHI,הדרום,South,,data.gov.il
104,מזרע,MIZRA,הצפון,North,,data.gov.il
1041,נצאצרה (שבט),NASASRA,הדרום,South,,data.gov.il
1042,אבו עמאר (שבט),ABU AMMAR,הדרום,South,,data.gov.il
1043,גיזו,GIZO,ירושלים,Jerusalem,,data.gov.il
1044,יעף,YE'AF,המרכז,Center,,data.gov.il
1045,שתולה,SHETULA,הצפון,North,,data.gov.il
1046,אוהד,OHAD,הדרום,South,,data.gov.il
1047,חזון,HAZON,הצפון,North,,data.gov.il
1050,בית חשמונאי,BET HASHMONAY,המרכז,Center,,data.gov.il
1051,תלמי אליהו,TALME ELIYYAHU,הדרום,South,,data.gov.il
1052,קטורה,QETURA,הדרום,South,,data.gov.il
1053,עין חצבה,EN HAZEVA,הדרום,South,,data.gov.il
1054,תל שבע,TEL SHEVA,הדרום,South,,data.gov.il
1056,עין כרם-ביס חקלאי,EN KAREM-B.S.HAQLA'I,ירושלים,Jerusalem,,data.gov.il
1057,נווה זוהר,NEWE ZOHAR,הדרום,South,,data.gov.il
1058,שדה ניצן,SEDE NIZZAN,הדרום,South,,data.gov.il
1059,כסיפה,KUSEIFE,הדרום,South,,data.gov.il
106,כפר גדעון,KEFAR GID'ON,הצפון,North,,data.gov.il
1060,לקיה,LAQYE,הדרום,South,,data.gov.il
1061,נוף הגליל,NOF HAGALIL,הצפון,North,,data.gov.il
1063,מעלות-תרשיחא,MA'ALOT-TARSHIHA,הצפון,North,,data.gov.il
1064,אמירים,AMIRIM,הצפון,North,,data.gov.il
1065,זמרת,ZIMRAT,הדרום,South,,data.gov.il
1066,בני עיש,BENE AYISH,המרכז,Center,,data.gov.il
1067,דובב,DOVEV,הצפון,North,,data.gov.il
1068,אדמית,ADAMIT,הצפון,North,,data.gov.il
1069,רם-און,RAM-ON,הצפון,North,,data.gov.il
107,כפר סילבר,KEFAR SILVER,הדרום,South,,data.gov.il
1070,אביעזר,AVI'EZER,ירושלים,Jerusalem,,data.gov.il
1071,נווה מיכאל,NEWE MIKHA'EL,ירושלים,Jerusalem,,data.gov.il
1072,גן הדרום,GAN HADAROM,המרכז,Center,,data.gov.il
1076,בית ברל,BET BERL,המרכז,Center,,data.gov.il
1077,גבעת שפירא,GIV'AT SHAPPIRA,המרכז,Center,,data.gov.il
1079,צפרירים,ZAFRIRIM,ירושלים,Jerusalem,,data.gov.il
1080,מבועים,MABBU'IM,הדרום,South,,data.gov.il
1081,אבן מנחם,EVEN MENAHEM,הצפון,North,,data.gov.il
1082,מעגלים,MA'GALIM,הדרום,South,,data.gov.il
1083,תושיה,TUSHIYYA,הדרום,South,,data.gov.il
1084,בן שמן (כפר נוער),BEN SHEMEN(K.NO'AR),המרכז,Center,,data.gov.il
1085,כרם שלום,KEREM SHALOM,הדרום,South,,data.gov.il
1094,כרם ביבנה (ישיבה),KEREM BEYAVNE,המרכז,Center,,data.gov.il
1095,כפר מימון,KEFAR MAYMON,הדרום,South,,data.gov.il
1098,מרכז שפירא,MERKAZ SHAPPIRA,הדרום,South,,data.gov.il
11,ניר חן,NIR HEN,הדרום,South,,data.gov.il
1102,צוקי ים,SHOSHANNAT HAAMAQIM(,המרכז,Center,,data.gov.il
1103,גני הדר,GANNE HADAR,המרכז,Center,,data.gov.il
1104,פוריה - כפר עבודה,PORIYYA-KEFAR AVODA,הצפון,North,,data.gov.il
1105,פוריה - נווה עובד,PORIYYA-NEWE OVED,הצפון,North,,data.gov.il
1108,אומן,OMEN,הצפון,North,,data.gov.il
1110,חבר,HEVER,הצפון,North,,data.gov.il
1111,צופיה,ZOFIYYA,המרכז,Center,,data.gov.il
1112,יודפת,YODEFAT,הצפון,North,,data.gov.il
1113,צור הדסה,ZUR HADASSA,ירושלים,Jerusalem,,data.gov.il
1114,שריגים (לי-און),LI-ON,ירושלים,Jerusalem,,data.gov.il
1115,אביבים,AVIVIM,הצפון,North,,data.gov.il
1117,יעל,YA'EL,הצפון,North,,data.gov.il
112,כפר חסידים א',KEFAR HASIDIM ALEF,חיפה,Haifa,,data.gov.il
1123,אדרת,ADDERET,ירושלים,Jerusalem,,data.gov.il
1124,נאות הכיכר,NE'OT HAKIKKAR,הדרום,South,,data.gov.il
1125,אלמגור,ALMAGOR,הצפון,North,,data.gov.il
1126,אילות,ELOT,הדרום,South,,data.gov.il
1127,מעלה גלבוע,MA'ALE GILBOA,הצפון,North,,data.gov.il
1128,מי עמי,ME AMMI,חיפה,Haifa,,data.gov.il
1129,גרופית,GEROFIT,הדרום,South,,data.gov.il
113,אדירים,ADDIRIM,הצפון,North,,data.gov.il
1130,כפר רוזנואלד (זרעית),KEFAR ROZENWALD(ZAR.,הצפון,North,,data.gov.il
1132,שניר,SENIR,הצפון,North,,data.gov.il
1133,ורדון,WARDON,הדרום,South,,data.gov.il
1134,יד השמונה,YAD HASHEMONA,ירושלים,Jerusalem,,data.gov.il
1136,צוחר,ZOHAR,הדרום,South,,data.gov.il
1137,קרית יערים,QIRYAT YE'ARIM,ירושלים,Jerusalem,,data.gov.il
1138,יעד,YA'AD,הצפון,North,,data.gov.il
1139,כרמיאל,KARMI'EL,הצפון,North,,data.gov.il
1140,מדרשת בן גוריון,MIDRESHET BEN GURION,הדרום,South,,data.gov.il
1141,מבוא מודיעים,MEVO MODI'IM,המרכז,Center,,data.gov.il
1143,נס עמים,NES AMMIM,הצפון,North,,data.gov.il
1144,ידידה,YEDIDA,ירושלים,Jerusalem,,data.gov.il
1145,אלומה,ALUMMA,הדרום,South,,data.gov.il
1146,עלומים,ALUMIM,הדרום,South,,data.gov.il
1147,נטועה,NETU'A,הצפון,North,,data.gov.il
1148,צור נתן,ZUR NATAN,המרכז,Center,,data.gov.il
1149,עזר,EZER,הדרום,South,,data.gov.il
115,חופית,HOFIT,המרכז,Center,,data.gov.il
1150,צופר,ZOFAR,הדרום,South,,data.gov.il
1151,פארן,PARAN,הדרום,South,,data.gov.il
1152,אשלים,ASHALIM,הדרום,South,,data.gov.il
1153,כישור,KISHOR,הצפון,North,,data.gov.il
1154,מיטל,METAL,הצפון,North,,data.gov.il
1155,מגן שאול,MAGEN SHA'UL,הצפון,North,,data.gov.il
1156,סמר,SAMAR,הדרום,South,,data.gov.il
1157,אחווה,AHAWA,הדרום,South,,data.gov.il
1158,יהל,YAHEL,הדרום,South,,data.gov.il
1160,שכניה,SHEKHANYA,הצפון,North,,data.gov.il
1161,רהט,RAHAT,הדרום,South,,data.gov.il
1162,בית רימון,BET RIMMON,הצפון,North,,data.gov.il
1163,מורן,MORAN,הצפון,North,,data.gov.il
1165,שילת,SHILAT,המרכז,Center,,data.gov.il
1166,כפר רות,KEFAR RUT,המרכז,Center,,data.gov.il
1167,קיסריה,QESARIYYA,חיפה,Haifa,,data.gov.il
1169,הוואשלה (שבט),HAWASHLA,הדרום,South,,data.gov.il
1170,סייד (שבט),SAYYID,הדרום,South,,data.gov.il
1171,לוטם,LOTEM,הצפון,North,,data.gov.il
1172,תובל,TUVAL,הצפון,North,,data.gov.il
1173,לפידות,LAPPIDOT,הצפון,North,,data.gov.il
1174,מנוף,MANOF,הצפון,North,,data.gov.il
1175,עידן,IDDAN,הדרום,South,,data.gov.il
1176,ספיר,SAPPIR,הדרום,South,,data.gov.il
1177,טללים,TELALIM,הדרום,South,,data.gov.il
1178,מורשת,MORESHET,הצפון,North,,data.gov.il
1179,קורנית,QORANIT,הצפון,North,,data.gov.il
1180,צביה,ZVIYYA,הצפון,North,,data.gov.il
1181,טל-אל,TAL-EL,הצפון,North,,data.gov.il
1182,אלון הגליל,ALLON HAGALIL,הצפון,North,,data.gov.il
1183,כליל,KELIL,הצפון,North,,data.gov.il
1184,מתת,MATTAT,הצפון,North,,data.gov.il
1185,פלך,PELEKH,הצפון,North,,data.gov.il
1186,הושעיה,HOSHA'AYA,הצפון,North,,data.gov.il
1187,עיר אובות,IR OVOT,הדרום,South,,data.gov.il
1188,אשחר,ESHHAR,הצפון,North,,data.gov.il
1190,מצפה נטופה,MIZPE NETOFA,הצפון,North,,data.gov.il
1191,בר יוחאי,BAR YOHAY,הצפון,North,,data.gov.il
1192,ערערה-בנגב,AR'ARA-BANEGEV,הדרום,South,,data.gov.il
1195,ניצנה (קהילת חינוך),NIZZANA (QEHILAT HIN,הדרום,South,,data.gov.il
1196,מחנה יתיר,MAHANE YATTIR,הדרום,South,,data.gov.il
1197,נאות סמדר,SHIZZAFON,הדרום,South,,data.gov.il
1198,כרמים,KERAMIM,הדרום,South,,data.gov.il
1199,עדי,ADI,הצפון,North,,data.gov.il
1200,מודיעין-מכבים-רעות,MODI'IN-MAKKABBIM-RE,המרכז,Center,,data.gov.il
1201,כמון,KAMMON,הצפון,North,,data.gov.il
1202,מכמנים,MIKHMANNIM,הצפון,North,,data.gov.il
1203,הררית,HARARIT,הצפון,North,,data.gov.il
1204,גילון,GILON,הצפון,North,,data.gov.il
1205,מנות,MANOT,הצפון,North,,data.gov.il
1206,גיתה,GITTA,הצפון,North,,data.gov.il
1207,לבון,LAVON,הצפון,North,,data.gov.il
1208,הילה,HILLA,הצפון,North,,data.gov.il
1209,חרשים,HARASHIM,הצפון,North,,data.gov.il
1210,כחל,KAHAL,הצפון,North,,data.gov.il
1211,קדרים,QADDARIM,הצפון,North,,data.gov.il
1212,עמוקה,AMUQQA,הצפון,North,,data.gov.il
1213,צבעון,ZIV'ON,הצפון,North,,data.gov.il
1214,טפחות,TEFAHOT,הצפון,North,,data.gov.il
1219,גורנות הגליל,GORNOT HAGALIL,הצפון,North,,data.gov.il
122,רמת ישי,RAMAT YISHAY,הצפון,North,,data.gov.il
1220,אבירים,ABBIRIM,הצפון,North,,data.gov.il
1221,צורית,ZURIT,הצפון,North,,data.gov.il
1222,מצפה אביב,MIZPE AVIV,הצפון,North,,data.gov.il
1223,שדי אברהם,SEDE AVRAHAM,הדרום,South,,data.gov.il
1224,כוכב יאיר-צור יגאל,KOCHAV YAIR TSUR YI,המרכז,Center,,data.gov.il
1225,רביד,RAVID,הצפון,North,,data.gov.il
1226,יובלים,YUVALIM,הצפון,North,,data.gov.il
1227,יתד,YATED,הדרום,South,,data.gov.il
1228,רקפת,RAQEFET,הצפון,North,,data.gov.il
1229,כלנית,KALLANIT,הצפון,North,,data.gov.il
1230,לבנים,LIVNIM,הצפון,North,,data.gov.il
1231,פרי גן,PERI GAN,הדרום,South,,data.gov.il
1232,יבול,YEVUL,הדרום,South,,data.gov.il
1233,שקף,SHEQEF,הדרום,South,,data.gov.il
1234,קבועה (שבט),QABBO'A,הדרום,South,,data.gov.il
1235,שורשים,SHORASHIM,הצפון,North,,data.gov.il
1236,נירית,NIRIT,המרכז,Center,,data.gov.il
1237,תלמי יוסף,TALME YOSEF,הדרום,South,,data.gov.il
1238,סופה,SUFA,הדרום,South,,data.gov.il
1239,חולית,HOLIT,הדרום,South,,data.gov.il
1240,עין הבשור,EN HABESOR,הדרום,South,,data.gov.il
1241,דקל,DEQEL,הדרום,South,,data.gov.il
1242,נתיב העשרה,NETIV HAASARA,הדרום,South,,data.gov.il
1243,קציר,QAZIR,חיפה,Haifa,,data.gov.il
1244,תמרת,TIMRAT,הצפון,North,,data.gov.il
1245,סלמה,SALLAMA,הצפון,North,,data.gov.il
1246,עראמשה,ARAMSHA,הצפון,North,,data.gov.il
1247,חריש,HARISH,חיפה,Haifa,,data.gov.il
1248,אליפז,ELIFAZ,הדרום,South,,data.gov.il
1249,הרדוף,HARDUF,הצפון,North,,data.gov.il
1251,עין תמר,EN TAMAR,הדרום,South,,data.gov.il
1252,כורזים,KORAZIM,הצפון,North,,data.gov.il
1253,אמנון,AMNUN,הצפון,North,,data.gov.il
1254,נטף,NATAF,ירושלים,Jerusalem,,data.gov.il
1255,לוטן,LOTAN,הדרום,South,,data.gov.il
1256,אשרת,ASHERAT,הצפון,North,,data.gov.il
1257,חנתון,HANNATON,הצפון,North,,data.gov.il
1258,מסד,MASSAD,הצפון,North,,data.gov.il
1259,נווה שלום,NEWE SHALOM,ירושלים,Jerusalem,,data.gov.il
126,שריד,SARID,הצפון,North,,data.gov.il
1260,רתמים,RETAMIM,הדרום,South,,data.gov.il
1261,הר עמשא,HAR AMASA,הדרום,South,,data.gov.il
1262,צוקים,MAHANE BILDAD,הדרום,South,,data.gov.il
1263,כפר ורדים,KEFAR WERADIM,הצפון,North,,data.gov.il
1264,כרמי יוסף,KARME YOSEF,המרכז,Center,,data.gov.il
1265,שומריה,SHOMERIYYA,הדרום,South,,data.gov.il
1266,שחרות,SHAHARUT,הדרום,South,,data.gov.il
1267,שיטים,NAHAL SHITTIM,הדרום,South,,data.gov.il
1268,מיתר,METAR,הדרום,South,,data.gov.il
127,רמת רחל,RAMAT RAHEL,ירושלים,Jerusalem,,data.gov.il
1271,להבים,LEHAVIM,הדרום,South,,data.gov.il
1272,חלוץ,HALUZ,הצפון,North,,data.gov.il
1274,גן נר,GAN NER,הצפון,North,,data.gov.il
1275,אבטליון,AVTALYON,הצפון,North,,data.gov.il
1276,אשבל,NAHAL ESHBAL,הצפון,North,,data.gov.il
1278,באר מילכה,BE'ER MILKA,הדרום,South,,data.gov.il
1279,נווה חריף,NEWE HARIF,הדרום,South,,data.gov.il
128,גת רימון,GAT RIMMON,המרכז,Center,,data.gov.il
1280,ניצני סיני,NIZZANE SINAY,הדרום,South,,data.gov.il
1282,מירב,MERAV,הצפון,North,,data.gov.il
1283,תל תאומים,TEL TE'OMIM,הצפון,North,,data.gov.il
1284,נופית,NOFIT,חיפה,Haifa,,data.gov.il
1285,כרכום,KARKOM,הצפון,North,,data.gov.il
1286,שגב-שלום,SEGEV-SHALOM,הדרום,South,,data.gov.il
1287,שני,SHANI,הדרום,South,,data.gov.il
1288,גבעת אלה,GIV'AT ELA,הצפון,North,,data.gov.il
1290,זמר,ZEMER,המרכז,Center,,data.gov.il
1291,כמהין,KEMEHIN,הדרום,South,,data.gov.il
1292,ג'דיידה-מכר,JUDEIDE-MAKER,הצפון,North,,data.gov.il
1293,גבעת אבני,GIV'AT AVNI,הצפון,North,,data.gov.il
1294,אור הגנוז,OR HAGANUZ,הצפון,North,,data.gov.il
1295,יאנוח-ג'ת,YANUH-JAT,הצפון,North,,data.gov.il
1296,כסרא-סמיע,KISRA-SUMEI,הצפון,North,,data.gov.il
1297,כפר חנניה,KEFAR HANANYA,הצפון,North,,data.gov.il
1298,אתגר,ETGAR,הצפון,North,,data.gov.il
13,חצבה,HAZEVA,הדרום,South,,data.gov.il
130,משמר העמק,MISHMAR HAEMEQ,הצפון,North,,data.gov.il
1303,חורה,HURA,הדרום,South,,data.gov.il
1304,שוהם,SHOHAM,המרכז,Center,,data.gov.il
1309,אלעד,EL'AD,המרכז,Center,,data.gov.il
1310,לפיד,LAPPID,המרכז,Center,,data.gov.il
1311,אבשלום,AVSHALOM,הדרום,South,,data.gov.il
1313,פוריה עילית,PORIYYA ILLIT,הצפון,North,,data.gov.il
1314,נווה זיו,NEWE ZIV,הצפון,North,,data.gov.il
1315,מתן,MATTAN,המרכז,Center,,data.gov.il
1316,אל-עריאן,AL-ARYAN,חיפה,Haifa,,data.gov.il
1317,דמיידה,DEMEIDE,הצפון,North,,data.gov.il
1318,מבואות ים,MEVO'OT YAM,המרכז,Center,,data.gov.il
1319,בת חפר,BAT HEFER,המרכז,Center,,data.gov.il
132,כפר ברוך,KEFAR BARUKH,הצפון,North,,data.gov.il
1320,עין חוד,EIN HOD,חיפה,Haifa,,data.gov.il
1321,ח'ואלד,KHAWALED,חיפה,Haifa,,data.gov.il
1322,הודיות,HODAYOT,הצפון,North,,data.gov.il
1323,בת הדר,BAT HADAR,הדרום,South,,data.gov.il
1324,ארסוף,ARSUF,המרכז,Center,,data.gov.il
1325,כפר זוהרים,KEFAR ZOHARIM,ירושלים,Jerusalem,,data.gov.il
1326,בסמה,BASMA,חיפה,Haifa,,data.gov.il
1327,מעלה עירון,MA'ALE IRON,חיפה,Haifa,,data.gov.il
133,גבת,GEVAT,הצפון,North,,data.gov.il
1330,אחוזת ברק,AHUZZAT BARAQ,הצפון,North,,data.gov.il
1331,כמאנה,,הצפון,North,,data.gov.il
1332,חוסנייה,HUSSNIYYA,הצפון,North,,data.gov.il
1333,נוף איילון,NOF AYYALON,המרכז,Center,,data.gov.il
1334,ראס אל-עין,RAS AL-EIN,הצפון,North,,data.gov.il
1335,ערב אל נעים,ARRAB AL NAIM,הצפון,North,,data.gov.il
1336,אירוס,IRUS,המרכז,Center,,data.gov.il
1337,שמשית,SHIMSHIT,הצפון,North,,data.gov.il
1338,כדיתה,KADDITA,הצפון,North,,data.gov.il
1339,אל-עזי,AL-AZY,הדרום,South,,data.gov.il
134,יפעת,YIF'AT,הצפון,North,,data.gov.il
1340,מרחב עם,MERHAV AM,הדרום,South,,data.gov.il
1341,רוח מדבר,RUAH MIDBAR,הדרום,South,,data.gov.il
1342,אבו קרינאת (יישוב),ABU QUREINAT,הדרום,South,,data.gov.il
1343,מכחול,MAKCHUL,הדרום,South,,data.gov.il
1344,גבעות בר,GEVA'OT BAR,הדרום,South,,data.gov.il
1345,צור יצחק,ZUR YIZHAQ,המרכז,Center,,data.gov.il
1346,תראבין א-צאנע(ישוב),TARABIN AS-SANI,הדרום,South,,data.gov.il
1347,קצר א-סר,,הדרום,South,,data.gov.il
1348,ביר הדאג',BIR HADAGE,הדרום,South,,data.gov.il
1349,דריג'את,DERIG'AT,הדרום,South,,data.gov.il
135,רמת דוד,RAMAT DAWID,הצפון,North,,data.gov.il
1358,אום בטין,UMM BATIN,הדרום,South,,data.gov.il
1359,אל סייד,AL SAYYID,הדרום,South,,data.gov.il
1360,סעוה,SA'WA,הדרום,South,,data.gov.il
1361,בת חן,BAT HEN,המרכז,Center,,data.gov.il
1362,גבעות עדן,GIV'OT EDEN,ירושלים,Jerusalem,,data.gov.il
1363,בני נצרים,BENE NEZARIM,הדרום,South,,data.gov.il
1364,שלומית,SHLOMIT,הדרום,South,,data.gov.il
1365,אליאב,ELIAV,הדרום,South,,data.gov.il
1366,נווה,NAVE,הדרום,South,,data.gov.il
1367,כחלה,KOCHLEA,הדרום,South,,data.gov.il
1368,בני דקלים,BNE DKALIM,הדרום,South,,data.gov.il
1369,נטע,NETA,הדרום,South,,data.gov.il
1370,מצפה אילן,MITSPE ILAN,חיפה,Haifa,,data.gov.il
1371,גני טל,GANNE TAL,המרכז,Center,,data.gov.il
1372,נצר חזני,NEZER HAZZANI,המרכז,Center,,data.gov.il
1373,שלווה במדבר,SHALVA BAMIDBAR,הדרום,South,,data.gov.il
1374,כרמי קטיף,KARME QATIF,הדרום,South,,data.gov.il
1375,אבו תלול,ABU TULUL,הדרום,South,,data.gov.il
1376,באר גנים,BEER GANNIM,הדרום,South,,data.gov.il
1377,שבי דרום,SHAVE DAROM,הדרום,South,,data.gov.il
1378,שיזף,SHEZAF,הדרום,South,,data.gov.il
139,עין שמר,EN SHEMER,חיפה,Haifa,,data.gov.il
140,כפר יהושע,KEFAR YEHOSHUA,הצפון,North,,data.gov.il
141,ברק,BARAQ,הצפון,North,,data.gov.il
1411,מחנה הילה,MAHANE HILLA,המרכז,Center,,data.gov.il
1412,מחנה תל נוף,MAHANE TEL NOF,המרכז,Center,,data.gov.il
1413,מחנה יהודית,MAHANE YEHUDIT,הצפון,North,,data.gov.il
1414,מחנה מרים,MAHANE MIRYAM,הדרום,South,,data.gov.il
1415,מחנה יפה,MAHANE YAFA,הדרום,South,,data.gov.il
1416,מחנה יוכבד,MAHANE YOKHVED,הדרום,South,,data.gov.il
1418,מחנה טלי,MAHANE TALI,הדרום,South,,data.gov.il
1419,ניצן ב',NIZZAN B,הדרום,South,,data.gov.il
142,שדה יעקב,SEDE YA'AQOV,הצפון,North,,data.gov.il
143,בית זרע,BET ZERA,הצפון,North,,data.gov.il
144,גן שלמה,GAN SHELOMO,המרכז,Center,,data.gov.il
145,גדיש,GADISH,הצפון,North,,data.gov.il
146,דבורה,DEVORA,הצפון,North,,data.gov.il
147,גבעת ברנר,GIV'AT BRENNER,המרכז,Center,,data.gov.il
15,נועם,NO'AM,הדרום,South,,data.gov.il
154,תל מונד,TEL MOND,המרכז,Center,,data.gov.il
155,באר טוביה,BE'ER TUVEYA,הדרום,South,,data.gov.il
156,עיינות,AYANOT,המרכז,Center,,data.gov.il
157,עין ורד,EN WERED,המרכז,Center,,data.gov.il
158,נען,NA'AN,המרכז,Center,,data.gov.il
159,בית חנן,BET HANAN,המרכז,Center,,data.gov.il
16,בית ניר,BET NIR,הדרום,South,,data.gov.il
160,חולדה,HULDA,המרכז,Center,,data.gov.il
162,חירות,HERUT,המרכז,Center,,data.gov.il
163,תימורים,TIMMORIM,הדרום,South,,data.gov.il
164,מלאה,MELE'A,הצפון,North,,data.gov.il
165,ניר יפה,NIR YAFE,הצפון,North,,data.gov.il
166,גן יבנה,GAN YAVNE,המרכז,Center,,data.gov.il
167,עין החורש,EN HAHORESH,המרכז,Center,,data.gov.il
168,כפר יונה,KEFAR YONA,המרכז,Center,,data.gov.il
170,כפר יעבץ,KEFAR YA'BEZ,המרכז,Center,,data.gov.il
171,פרדסיה,PARDESIYYA,המרכז,Center,,data.gov.il
173,גבעת חיים (מאוחד),GIV'AT HAYYIM(ME'UHA,המרכז,Center,,data.gov.il
174,נטעים,NETA'IM,המרכז,Center,,data.gov.il
175,אביחיל,AVIHAYIL,המרכז,Center,,data.gov.il
176,אפיקים,AFIQIM,הצפון,North,,data.gov.il
177,כפר בילו,KEFAR BILU,המרכז,Center,,data.gov.il
178,רמת יוחנן,RAMAT YOHANAN,חיפה,Haifa,,data.gov.il
18,שדה משה,SEDE MOSHE,הדרום,South,,data.gov.il
182,אבן יהודה,EVEN YEHUDA,המרכז,Center,,data.gov.il
183,ירקונה,YARQONA,המרכז,Center,,data.gov.il
184,רמת הכובש,RAMAT HAKOVESH,המרכז,Center,,data.gov.il
186,נעורים,NE'URIM,המרכז,Center,,data.gov.il
187,כפר הס,KEFAR HESS,המרכז,Center,,data.gov.il
188,אשדות יעקב (מאוחד),ASHDOT YA'AQOV(ME'UH,הצפון,North,,data.gov.il
189,כפר פינס,KEFAR PINES,חיפה,Haifa,,data.gov.il
190,כפר ויתקין,KEFAR VITKIN,המרכז,Center,,data.gov.il
191,הדר עם,HADAR AM,המרכז,Center,,data.gov.il
192,כפר החורש,KEFAR HAHORESH,הצפון,North,,data.gov.il
193,כפר חיים,KEFAR HAYYIM,המרכז,Center,,data.gov.il
194,משמר השרון,MISHMAR HASHARON,המרכז,Center,,data.gov.il
195,קדימה-צורן,QADIMA-ZORAN,המרכז,Center,,data.gov.il
196,גיבתון,GIBBETON,המרכז,Center,,data.gov.il
197,מעברות,MA'BAROT,המרכז,Center,,data.gov.il
198,צופית,ZOFIT,המרכז,Center,,data.gov.il
199,אשדות יעקב (איחוד),ASHDOT YA'AQOV(IHUD),הצפון,North,,data.gov.il
200,בית ינאי,BET YANNAY,המרכז,Center,,data.gov.il
2002,תנובות,TENUVOT,המרכז,Center,,data.gov.il
2003,תלמי אלעזר,TALME EL'AZAR,חיפה,Haifa,,data.gov.il
2006,כנות,KANNOT,הדרום,South,,data.gov.il
2008,שדה יצחק,SEDE YIZHAQ,חיפה,Haifa,,data.gov.il
2009,יובל,YUVAL,הצפון,North,,data.gov.il
2010,כפר בן נון,KEFAR BIN NUN,המרכז,Center,,data.gov.il
2011,ינון,YINNON,הדרום,South,,data.gov.il
2012,אורות,OROT,הדרום,South,,data.gov.il
2013,בן שמן (מושב),BEN SHEMEN (MOSHAV),המרכז,Center,,data.gov.il
2014,גבעולים,GIV'OLIM,הדרום,South,,data.gov.il
2015,שדי חמד,SEDE HEMED,המרכז,Center,,data.gov.il
2016,רוויה,REWAYA,הצפון,North,,data.gov.il
2018,גבעת חיים (איחוד),GIV'AT HAYYIM (IHUD),המרכז,Center,,data.gov.il
202,בית עובד,BET OVED,המרכז,Center,,data.gov.il
2021,אשל הנשיא,ESHEL HANASI,הדרום,South,,data.gov.il
2023,להב,LAHAV,הדרום,South,,data.gov.il
2024,אום אל-קוטוף,UMM AL-QUTUF,חיפה,Haifa,,data.gov.il
2026,ירדנה,YARDENA,הצפון,North,,data.gov.il
2029,מדרך עוז,MIDRAKH OZ,הצפון,North,,data.gov.il
2030,מנוחה,MENUHA,הדרום,South,,data.gov.il
2033,בית חלקיה,BET HILQIYYA,המרכז,Center,,data.gov.il
2034,חצור הגלילית,HAZOR HAGELILIT,הצפון,North,,data.gov.il
2035,עדנים,ADANIM,המרכז,Center,,data.gov.il
2038,ברקת,BAREQET,המרכז,Center,,data.gov.il
2039,קרית יערים(מוסד),QIRYAT YE'ARIM(INSTI,ירושלים,Jerusalem,,data.gov.il
204,אלישיב,ELYASHIV,המרכז,Center,,data.gov.il
2042,עין גדי,EN GEDI,הדרום,South,,data.gov.il
2043,בחן,BAHAN,המרכז,Center,,data.gov.il
2044,מלילות,MELILOT,הדרום,South,,data.gov.il
2045,נחלה,NAHALA,הדרום,South,,data.gov.il
2046,סגולה,SEGULA,הדרום,South,,data.gov.il
2047,ניר משה,NIR MOSHE,הדרום,South,,data.gov.il
2048,ניר עקיבא,NIR AQIVA,הדרום,South,,data.gov.il
2049,שדה צבי,SEDE ZEVI,הדרום,South,,data.gov.il
205,חגלה,HOGLA,המרכז,Center,,data.gov.il
2050,תלמי בילו,TALME BILU,הדרום,South,,data.gov.il
2051,רווחה,REWAHA,הדרום,South,,data.gov.il
2052,אביטל,AVITAL,הצפון,North,,data.gov.il
2053,פרזון,PERAZON,הצפון,North,,data.gov.il
2054,מיטב,METAV,הצפון,North,,data.gov.il
2055,מאור,MA'OR,חיפה,Haifa,,data.gov.il
2057,שדי תרומות,SEDE TERUMOT,הצפון,North,,data.gov.il
2059,פעמי תשז,PA'AME TASHAZ,הדרום,South,,data.gov.il
206,רמות השבים,RAMOT HASHAVIM,המרכז,Center,,data.gov.il
2060,ברוש,BEROSH,הדרום,South,,data.gov.il
2061,תדהר,TIDHAR,הדרום,South,,data.gov.il
2062,תאשור,TE'ASHUR,הדרום,South,,data.gov.il
2063,דישון,DISHON,הצפון,North,,data.gov.il
2064,זרועה,ZERU'A,הדרום,South,,data.gov.il
207,גבעת חן,GIV'AT HEN,המרכז,Center,,data.gov.il
208,מוצא עילית,MOZA ILLIT,ירושלים,Jerusalem,,data.gov.il
21,באר אורה,BE'ER ORA,הדרום,South,,data.gov.il
2100,טירת כרמל,TIRAT KARMEL,חיפה,Haifa,,data.gov.il
212,בית צבי,BET ZEVI,חיפה,Haifa,,data.gov.il
213,משמרות,MISHMAROT,חיפה,Haifa,,data.gov.il
217,כפר הראה,KEFAR HARO'E,המרכז,Center,,data.gov.il
218,גני עם,GANNE AM,המרכז,Center,,data.gov.il
219,חיבת ציון,HIBBAT ZIYYON,המרכז,Center,,data.gov.il
22,מקווה ישראל,MIQWE YISRA'EL,תל אביב,Tel Aviv,,data.gov.il
220,כפר ביאליק,KEFAR BIALIK,חיפה,Haifa,,data.gov.il
2200,דימונה,DIMONA,הדרום,South,,data.gov.il
223,עין עירון,EN IRON,חיפה,Haifa,,data.gov.il
224,שושנת העמקים,SHOSHANNAT HAAMAQIM,המרכז,Center,,data.gov.il
225,גן השומרון,GAN HASHOMERON,חיפה,Haifa,,data.gov.il
229,גני תקווה,GANNE TIQWA,המרכז,Center,,data.gov.il
23,אמציה,AMAZYA,הדרום,South,,data.gov.il
230,מעש,MA'AS,המרכז,Center,,data.gov.il
2300,קרית טבעון,QIRYAT TIV'ON,חיפה,Haifa,,data.gov.il
232,שפיים,SHEFAYIM,המרכז,Center,,data.gov.il
233,כפר ידידיה,YEDIDYA,המרכז,Center,,data.gov.il
234,ביצרון,BIZZARON,הדרום,South,,data.gov.il
235,חבצלת השרון,HAVAZZELET HASHARON,המרכז,Center,,data.gov.il
237,שער העמקים,SHA'AR HAAMAQIM,חיפה,Haifa,,data.gov.il
239,גן חיים,GAN HAYYIM,המרכז,Center,,data.gov.il
24,לכיש,LAKHISH,הדרום,South,,data.gov.il
240,יקנעם עילית,YOQNE'AM ILLIT,הצפון,North,,data.gov.il
2400,אור יהודה,OR YEHUDA,תל אביב,Tel Aviv,,data.gov.il
241,יקנעם (מושבה),YOQNE'AM(MOSHAVA),הצפון,North,,data.gov.il
242,בית השיטה,BET HASHITTA,הצפון,North,,data.gov.il
246,נתיבות,NETIVOT,הדרום,South,,data.gov.il
247,רשפון,RISHPON,המרכז,Center,,data.gov.il
248,בית שערים,BET SHE'ARIM,הצפון,North,,data.gov.il
249,כפר סירקין,KEFAR SIRKIN,המרכז,Center,,data.gov.il
250,הזורע,HAZOREA,הצפון,North,,data.gov.il
2500,נשר,NESHER,חיפה,Haifa,,data.gov.il
252,ביתן אהרן,BITAN AHARON,המרכז,Center,,data.gov.il
253,חולתה,HULATA,הצפון,North,,data.gov.il
2530,באר יעקב,BE'ER YA'AQOV,המרכז,Center,,data.gov.il
254,כפר המכבי,KEFAR HAMAKKABI,חיפה,Haifa,,data.gov.il
255,כפר חיטים,KEFAR HITTIM,הצפון,North,,data.gov.il
2550,גדרה,GEDERA,המרכז,Center,,data.gov.il
256,ניר דוד (תל עמל),NIR DAWID (TEL AMAL),הצפון,North,,data.gov.il
2560,ערד,ARAD,הדרום,South,,data.gov.il
257,נופך,NOFEKH,המרכז,Center,,data.gov.il
259,שדה נחום,SEDE NAHUM,הצפון,North,,data.gov.il
26,ראש פינה,ROSH PINNA,הצפון,North,,data.gov.il
2600,אילת,ELAT,הדרום,South,,data.gov.il
2610,בית שמש,BET SHEMESH,ירושלים,Jerusalem,,data.gov.il
262,גינוסר,GINNOSAR,הצפון,North,,data.gov.il
2620,קרית אונו,QIRYAT ONO,תל אביב,Tel Aviv,,data.gov.il
263,מסדה,MASSADA,הצפון,North,,data.gov.il
2630,קרית גת,QIRYAT GAT,הדרום,South,,data.gov.il
264,שער הגולן,SHA'AR HAGOLAN,הצפון,North,,data.gov.il
2640,ראש העין,ROSH HAAYIN,המרכז,Center,,data.gov.il
265,בית יוסף,BET YOSEF,הצפון,North,,data.gov.il
2650,רמת השרון,RAMAT HASHARON,תל אביב,Tel Aviv,,data.gov.il
2660,יבנה,YAVNE,המרכז,Center,,data.gov.il
267,כפר שמריהו,KEFAR SHEMARYAHU,תל אביב,Tel Aviv,,data.gov.il
268,טירת צבי,TIRAT ZEVI,הצפון,North,,data.gov.il
269,מולדת,MOLEDET,הצפון,North,,data.gov.il
27,שדות מיכה,SEDOT MIKHA,ירושלים,Jerusalem,,data.gov.il
270,עין השופט,EN HASHOFET,הצפון,North,,data.gov.il
2710,אום אל-פחם,UMM AL-FAHM,חיפה,Haifa,,data.gov.il
272,מעוז חיים,MA'OZ HAYYIM,הצפון,North,,data.gov.il
2720,טירה,TIRE,המרכז,Center,,data.gov.il
273,עין גב,EN GEV,הצפון,North,,data.gov.il
2730,טייבה,TAYIBE,המרכז,Center,,data.gov.il
274,כפר מנחם,KEFAR MENAHEM,הדרום,South,,data.gov.il
2742,זבארגה (שבט),ZABARGA,הדרום,South,,data.gov.il
276,צור משה,ZUR MOSHE,המרכז,Center,,data.gov.il
278,אושה,USHA,חיפה,Haifa,,data.gov.il
28,מזכרת בתיה,MAZKERET BATYA,המרכז,Center,,data.gov.il
280,חניתה,HANITA,הצפון,North,,data.gov.il
2800,קרית שמונה,QIRYAT SHEMONA,הצפון,North,,data.gov.il
281,פקיעין חדשה,PEQI'IN HADASHA,הצפון,North,,data.gov.il
282,שבי ציון,SHAVE ZIYYON,הצפון,North,,data.gov.il
284,שדה ורבורג,SEDE WARBURG,המרכז,Center,,data.gov.il
285,אלונים,ALLONIM,הצפון,North,,data.gov.il
286,מעלה החמישה,MA'ALE HAHAMISHA,ירושלים,Jerusalem,,data.gov.il
287,תל יצחק,TEL YIZHAQ,המרכז,Center,,data.gov.il
288,בית יהושע,BET YEHOSHUA,המרכז,Center,,data.gov.il
289,עין המפרץ,EN HAMIFRAZ,הצפון,North,,data.gov.il
29,יסוד המעלה,YESUD HAMA'ALA,הצפון,North,,data.gov.il
290,מעין צבי,MA'YAN ZEVI,חיפה,Haifa,,data.gov.il
292,שרונה,SHARONA,הצפון,North,,data.gov.il
293,שדה יואב,SEDE YO'AV,הדרום,South,,data.gov.il
294,אילון,ELON,הצפון,North,,data.gov.il
295,כפר רופין,KEFAR RUPPIN,הצפון,North,,data.gov.il
296,נווה איתן,NEWE ETAN,הצפון,North,,data.gov.il
297,כפר מסריק,KEFAR MASARYK,הצפון,North,,data.gov.il
298,מסילות,MESILLOT,הצפון,North,,data.gov.il
300,דליה,DALIYYA,הצפון,North,,data.gov.il
3000,ירושלים,JERUSALEM,ירושלים,Jerusalem,,data.gov.il
301,בית עוזיאל,BET UZZI'EL,המרכז,Center,,data.gov.il
302,דפנה,DAFNA,הצפון,North,,data.gov.il
303,דן,DAN,הצפון,North,,data.gov.il
304,שדה אליהו,SEDE ELIYYAHU,הצפון,North,,data.gov.il
305,גשר,GESHER,הצפון,North,,data.gov.il
306,שדמות דבורה,SHADMOT DEVORA,הצפון,North,,data.gov.il
307,הזורעים,HAZORE'IM,הצפון,North,,data.gov.il
308,מחניים,MAHANAYIM,הצפון,North,,data.gov.il
309,נהורה,NEHORA,הדרום,South,,data.gov.il
31,אופקים,OFAQIM,הדרום,South,,data.gov.il
310,כפר גליקסון,KEFAR GLIKSON,חיפה,Haifa,,data.gov.il
311,גן שורק,GAN SOREQ,המרכז,Center,,data.gov.il
312,נווה ים,NEWE YAM,חיפה,Haifa,,data.gov.il
313,אפק,AFEQ,הצפון,North,,data.gov.il
315,נגבה,NEGBA,הדרום,South,,data.gov.il
316,כפר נטר,KEFAR NETTER,המרכז,Center,,data.gov.il
317,בית אורן,BET OREN,חיפה,Haifa,,data.gov.il
318,עמיעוז,AMMI'OZ,הדרום,South,,data.gov.il
319,עמיר,AMIR,הצפון,North,,data.gov.il
32,עוצם,OZEM,הדרום,South,,data.gov.il
320,כפר ורבורג,KEFAR WARBURG,הדרום,South,,data.gov.il
322,בית הלל,BET HILLEL,הצפון,North,,data.gov.il
324,שאר ישוב,SHE'AR YASHUV,הצפון,North,,data.gov.il
325,מצובה,MAZZUVA,הצפון,North,,data.gov.il
326,בית יצחק-שער חפר,BET YIZHAQ-SH. HEFER,המרכז,Center,,data.gov.il
327,שדות ים,SEDOT YAM,חיפה,Haifa,,data.gov.il
328,עזוז,EZUZ,הדרום,South,,data.gov.il
329,שדה נחמיה,SEDE NEHEMYA,הצפון,North,,data.gov.il
33,בת שלמה,BAT SHELOMO,חיפה,Haifa,,data.gov.il
330,אלומות,ALUMMOT,הצפון,North,,data.gov.il
331,ניר צבי,NIR ZEVI,המרכז,Center,,data.gov.il
334,קבוצת יבנה,QEVUZAT YAVNE,המרכז,Center,,data.gov.il
335,רמת השופט,RAMAT HASHOFET,הצפון,North,,data.gov.il
336,דורות,DOROT,הדרום,South,,data.gov.il
338,איבים,IBBIM,הדרום,South,,data.gov.il
339,רמת צבי,RAMAT ZEVI,הצפון,North,,data.gov.il
340,גת (קיבוץ),GAT(QIBBUZ),הדרום,South,,data.gov.il
3400,חברון,,יהודה ושומרון,Judea and Samaria,,data.gov.il
342,גברעם,GEVAR'AM,הדרום,South,,data.gov.il
343,חמדיה,HAMADYA,הצפון,North,,data.gov.il
344,מענית,MA'ANIT,חיפה,Haifa,,data.gov.il
345,כפר סאלד,KEFAR SZOLD,הצפון,North,,data.gov.il
346,גליל ים,GELIL YAM,תל אביב,Tel Aviv,,data.gov.il
347,מנרה,MENNARA,הצפון,North,,data.gov.il
348,ניר עם,NIR AM,הדרום,South,,data.gov.il
3488,כפר עציון,KEFAR EZYON,יהודה ושומרון,Judea and Samaria,,data.gov.il
3499,בר כוכבא,BAR KOKHVA,יהודה ושומרון,Judea and Samaria,,data.gov.il
35,גדות,GADOT,הצפון,North,,data.gov.il
351,ניצן,NIZZAN,הדרום,South,,data.gov.il
352,גבולות,GEVULOT,הדרום,South,,data.gov.il
353,בית זיד,BET ZEID,הצפון,North,,data.gov.il
354,רביבים,REVIVIM,הדרום,South,,data.gov.il
355,חורשים,HORESHIM,המרכז,Center,,data.gov.il
3555,נתיב הגדוד,NETIV HAGEDUD,יהודה ושומרון,Judea and Samaria,,data.gov.il
3556,אלמוג,ALMOG,יהודה ושומרון,Judea and Samaria,,data.gov.il
3557,קדומים,QEDUMIM,יהודה ושומרון,Judea and Samaria,,data.gov.il
3558,תומר,TOMER,יהודה ושומרון,Judea and Samaria,,data.gov.il
356,הגושרים,HAGOSHERIM,הצפון,North,,data.gov.il
3560,אלקנה,ELQANA,יהודה ושומרון,Judea and Samaria,,data.gov.il
3561,מגדל עוז,MIGDAL OZ,יהודה ושומרון,Judea and Samaria,,data.gov.il
3563,תקוע,TEQOA,יהודה ושומרון,Judea and Samaria,,data.gov.il
3564,כוכב השחר,KOKHAV HASHAHAR,יהודה ושומרון,Judea and Samaria,,data.gov.il
3565,רימונים,RIMMONIM,יהודה ושומרון,Judea and Samaria,,data.gov.il
3566,יפית,YAFIT,יהודה ושומרון,Judea and Samaria,,data.gov.il
3567,סלעית,SAL'IT,יהודה ושומרון,Judea and Samaria,,data.gov.il
3568,ריחן,REHAN,יהודה ושומרון,Judea and Samaria,,data.gov.il
3569,מבוא דותן,MEVO DOTAN,יהודה ושומרון,Judea and Samaria,,data.gov.il
357,כפר בלום,KEFAR BLUM,הצפון,North,,data.gov.il
3570,אריאל,ARI'EL,יהודה ושומרון,Judea and Samaria,,data.gov.il
3571,שבי שומרון,SHAVE SHOMERON,יהודה ושומרון,Judea and Samaria,,data.gov.il
3572,כפר תפוח,KEFAR TAPPUAH,יהודה ושומרון,Judea and Samaria,,data.gov.il
3573,נוה צוף,NEVE TSUF,יהודה ושומרון,Judea and Samaria,,data.gov.il
3574,בית אל,BET EL,יהודה ושומרון,Judea and Samaria,,data.gov.il
3575,בית חורון,BET HORON,יהודה ושומרון,Judea and Samaria,,data.gov.il
3576,מצפה יריחו,MIZPE YERIHO,יהודה ושומרון,Judea and Samaria,,data.gov.il
3578,שדמות מחולה,SHADMOT MEHOLA,יהודה ושומרון,Judea and Samaria,,data.gov.il
3579,אלון מורה,ELON MORE,יהודה ושומרון,Judea and Samaria,,data.gov.il
358,יד מרדכי,YAD MORDEKHAY,הדרום,South,,data.gov.il
359,ניצנים,NIZZANIM,הדרום,South,,data.gov.il
3598,ארגמן,ARGAMAN,יהודה ושומרון,Judea and Samaria,,data.gov.il
3599,מחולה,MEHOLA,יהודה ושומרון,Judea and Samaria,,data.gov.il
36,שדה דוד,SEDE DAWID,הדרום,South,,data.gov.il
360,גבעת נילי,GIV'AT NILI,חיפה,Haifa,,data.gov.il
3601,קליה,QALYA,יהודה ושומרון,Judea and Samaria,,data.gov.il
3602,ראש צורים,ROSH ZURIM,יהודה ושומרון,Judea and Samaria,,data.gov.il
3603,הר גילה,HAR GILLO,יהודה ושומרון,Judea and Samaria,,data.gov.il
3604,אלון שבות,ALLON SHEVUT,יהודה ושומרון,Judea and Samaria,,data.gov.il
3605,משואה,MASSU'A,יהודה ושומרון,Judea and Samaria,,data.gov.il
3606,גלגל,GILGAL,יהודה ושומרון,Judea and Samaria,,data.gov.il
3607,ייטב,YITAV,יהודה ושומרון,Judea and Samaria,,data.gov.il
3608,מעלה אפרים,MA'ALE EFRAYIM,יהודה ושומרון,Judea and Samaria,,data.gov.il
3609,חמרה,HAMRA,יהודה ושומרון,Judea and Samaria,,data.gov.il
3610,מצפה שלם,MIZPE SHALEM,יהודה ושומרון,Judea and Samaria,,data.gov.il
3611,קרית ארבע,QIRYAT ARBA,יהודה ושומרון,Judea and Samaria,,data.gov.il
3612,בקעות,BEQA'OT,יהודה ושומרון,Judea and Samaria,,data.gov.il
3613,גיתית,GITTIT,יהודה ושומרון,Judea and Samaria,,data.gov.il
3614,מכורה,MEKHORA,יהודה ושומרון,Judea and Samaria,,data.gov.il
3615,פצאל,PEZA'EL,יהודה ושומרון,Judea and Samaria,,data.gov.il
3616,מעלה אדומים,MA'ALE ADUMMIM,יהודה ושומרון,Judea and Samaria,,data.gov.il
3617,עופרה,OFRA,יהודה ושומרון,Judea and Samaria,,data.gov.il
3618,אלעזר,EL'AZAR,יהודה ושומרון,Judea and Samaria,,data.gov.il
3619,רועי,RO'I,יהודה ושומרון,Judea and Samaria,,data.gov.il
362,רוחמה,RUHAMA,הדרום,South,,data.gov.il
3620,נערן,NA'ARAN,יהודה ושומרון,Judea and Samaria,,data.gov.il
363,חפץ חיים,HAFEZ HAYYIM,המרכז,Center,,data.gov.il
3638,כפר אדומים,KEFAR ADUMMIM,יהודה ושומרון,Judea and Samaria,,data.gov.il
3639,ורד יריחו,WERED YERIHO,יהודה ושומרון,Judea and Samaria,,data.gov.il
364,כפר אוריה,KEFAR URIYYA,ירושלים,Jerusalem,,data.gov.il
3640,קרני שומרון,QARNE SHOMERON,יהודה ושומרון,Judea and Samaria,,data.gov.il
3641,שילה,SHILO,יהודה ושומרון,Judea and Samaria,,data.gov.il
3642,חומש,HOMESH,יהודה ושומרון,Judea and Samaria,,data.gov.il
3643,חיננית,HINNANIT,יהודה ושומרון,Judea and Samaria,,data.gov.il
3644,גבעון החדשה,GIV'ON HAHADASHA,יהודה ושומרון,Judea and Samaria,,data.gov.il
3645,בית הערבה,BET HAARAVA,יהודה ושומרון,Judea and Samaria,,data.gov.il
3646,חמדת,NAHAL HEMDAT,יהודה ושומרון,Judea and Samaria,,data.gov.il
3647,יקיר,YAQIR,יהודה ושומרון,Judea and Samaria,,data.gov.il
3648,מתתיהו,MATTITYAHU,יהודה ושומרון,Judea and Samaria,,data.gov.il
3649,שקד,SHAQED,יהודה ושומרון,Judea and Samaria,,data.gov.il
365,בית קשת,BET QESHET,הצפון,North,,data.gov.il
3650,אפרת,EFRAT,יהודה ושומרון,Judea and Samaria,,data.gov.il
3651,מעלה מכמש,MA'ALE MIKHMAS,יהודה ושומרון,Judea and Samaria,,data.gov.il
3652,בית אריה,BET ARYE,יהודה ושומרון,Judea and Samaria,,data.gov.il
3653,מעלה עמוס,MA'ALE AMOS,יהודה ושומרון,Judea and Samaria,,data.gov.il
3654,ברקן,BARQAN,יהודה ושומרון,Judea and Samaria,,data.gov.il
3655,נילי,NILI,יהודה ושומרון,Judea and Samaria,,data.gov.il
3656,כרמל,KARMEL,יהודה ושומרון,Judea and Samaria,,data.gov.il
3657,מעון,MA'ON,יהודה ושומרון,Judea and Samaria,,data.gov.il
3658,עטרת,ATERET,יהודה ושומרון,Judea and Samaria,,data.gov.il
3659,פסגות,PESAGOT,יהודה ושומרון,Judea and Samaria,,data.gov.il
366,שמיר,SHAMIR,הצפון,North,,data.gov.il
3660,עמנואל,IMMANU'EL,יהודה ושומרון,Judea and Samaria,,data.gov.il
367,עין העמק,EN HAEMEQ,הצפון,North,,data.gov.il
368,ביריה,BIRIYYA,הצפון,North,,data.gov.il
369,גלעד (אבן יצחק),EVEN YIZHAQ(GAL'ED),הצפון,North,,data.gov.il
37,איתן,ETAN,הדרום,South,,data.gov.il
370,גזר,GEZER,המרכז,Center,,data.gov.il
3709,מבוא חורון,MEVO HORON,יהודה ושומרון,Judea and Samaria,,data.gov.il
371,כדורי,KADOORIE,הצפון,North,,data.gov.il
3710,ברכה,BERAKHA,יהודה ושומרון,Judea and Samaria,,data.gov.il
3711,שא-נור,SA-NUR,יהודה ושומרון,Judea and Samaria,,data.gov.il
3712,ענב,ENAV,יהודה ושומרון,Judea and Samaria,,data.gov.il
3713,נעמה,NAAMA,יהודה ושומרון,Judea and Samaria,,data.gov.il
3715,עלמון,ALMON,יהודה ושומרון,Judea and Samaria,,data.gov.il
3717,חרמש,HERMESH,יהודה ושומרון,Judea and Samaria,,data.gov.il
3719,תלם,TELEM,יהודה ושומרון,Judea and Samaria,,data.gov.il
372,רמות נפתלי,RAMOT NAFTALI,הצפון,North,,data.gov.il
3722,אשכולות,ESHKOLOT,יהודה ושומרון,Judea and Samaria,,data.gov.il
3723,פני חבר,PENE HEVER,יהודה ושומרון,Judea and Samaria,,data.gov.il
3724,נגוהות,NEGOHOT,יהודה ושומרון,Judea and Samaria,,data.gov.il
3725,נווה דניאל,NEWE DANIYYEL,יהודה ושומרון,Judea and Samaria,,data.gov.il
3726,נוקדים,NOQEDIM,יהודה ושומרון,Judea and Samaria,,data.gov.il
3727,עלי זהב,ALE ZAHAV,יהודה ושומרון,Judea and Samaria,,data.gov.il
3729,כדים,KADDIM,יהודה ושומרון,Judea and Samaria,,data.gov.il
373,בית הלוי,BET HALEVI,המרכז,Center,,data.gov.il
3730,גבעת זאב,GIV'AT ZE'EV,יהודה ושומרון,Judea and Samaria,,data.gov.il
374,חוקוק,HUQOQ,הצפון,North,,data.gov.il
3743,טנא,TENE,יהודה ושומרון,Judea and Samaria,,data.gov.il
3744,ברוכין,BRUKHIN,יהודה ושומרון,Judea and Samaria,,data.gov.il
3745,בית יתיר,BET YATTIR,יהודה ושומרון,Judea and Samaria,,data.gov.il
3746,קרית נטפים,QIRYAT NETAFIM,יהודה ושומרון,Judea and Samaria,,data.gov.il
3747,דולב,DOLEV,יהודה ושומרון,Judea and Samaria,,data.gov.il
3748,עתניאל,OTNI'EL,יהודה ושומרון,Judea and Samaria,,data.gov.il
3749,יצהר,YIZHAR,יהודה ושומרון,Judea and Samaria,,data.gov.il
375,מגל,MAGGAL,חיפה,Haifa,,data.gov.il
3750,אלפי מנשה,ALFE MENASHE,יהודה ושומרון,Judea and Samaria,,data.gov.il
3751,מגדלים,MIGDALIM,יהודה ושומרון,Judea and Samaria,,data.gov.il
3752,מעלה לבונה,MA'ALE LEVONA,יהודה ושומרון,Judea and Samaria,,data.gov.il
3754,אספר,ASEFAR,יהודה ושומרון,Judea and Samaria,,data.gov.il
3756,סוסיה,SUSEYA,יהודה ושומרון,Judea and Samaria,,data.gov.il
3757,ברוש הבקעה,BROSH HABIK'A,יהודה ושומרון,Judea and Samaria,,data.gov.il
3758,גנים,GANNIM,יהודה ושומרון,Judea and Samaria,,data.gov.il
3759,אדורה,ADORA,יהודה ושומרון,Judea and Samaria,,data.gov.il
376,עברון,EVRON,הצפון,North,,data.gov.il
3760,אורנית,ORANIT,יהודה ושומרון,Judea and Samaria,,data.gov.il
3762,איתמר,ITAMAR,יהודה ושומרון,Judea and Samaria,,data.gov.il
3763,גבע בנימין,GEVA BINYAMIN,יהודה ושומרון,Judea and Samaria,,data.gov.il
3764,חגי,HAGGAI,יהודה ושומרון,Judea and Samaria,,data.gov.il
3765,עלי,ELI,יהודה ושומרון,Judea and Samaria,,data.gov.il
3766,כרמי צור,KARME ZUR,יהודה ושומרון,Judea and Samaria,,data.gov.il
3767,נחליאל,NAHALI'EL,יהודה ושומרון,Judea and Samaria,,data.gov.il
3768,פדואל,PEDU'EL,יהודה ושומרון,Judea and Samaria,,data.gov.il
3769,הר אדר,HAR ADAR,יהודה ושומרון,Judea and Samaria,,data.gov.il
377,המעפיל,HAMA'PIL,המרכז,Center,,data.gov.il
3770,חשמונאים,HASHMONA'IM,יהודה ושומרון,Judea and Samaria,,data.gov.il
3777,סנסנה,,יהודה ושומרון,Judea and Samaria,,data.gov.il
3779,כוכב יעקב,KOKHAV YA'AQOV,יהודה ושומרון,Judea and Samaria,,data.gov.il
378,משגב עם,MISGAV AM,הצפון,North,,data.gov.il
3780,ביתר עילית,BETAR ILLIT,יהודה ושומרון,Judea and Samaria,,data.gov.il
3781,קדר,QEDAR,יהודה ושומרון,Judea and Samaria,,data.gov.il
3782,רותם,ROTEM,יהודה ושומרון,Judea and Samaria,,data.gov.il
3783,גבעות,GVA'OT,יהודה ושומרון,Judea and Samaria,,data.gov.il
3784,שמעה,SHIM'A,יהודה ושומרון,Judea and Samaria,,data.gov.il
3785,משכיות,MASKIYYOT,יהודה ושומרון,Judea and Samaria,,data.gov.il
3786,אובנת,OVNAT,יהודה ושומרון,Judea and Samaria,,data.gov.il
3787,נעלה,NA'ALE,יהודה ושומרון,Judea and Samaria,,data.gov.il
3788,טלמון,TALMON,יהודה ושומרון,Judea and Samaria,,data.gov.il
379,גאולים,GE'ULIM,המרכז,Center,,data.gov.il
3790,נופים,NOFIM,יהודה ושומרון,Judea and Samaria,,data.gov.il
3791,צופים,ZUFIN,יהודה ושומרון,Judea and Samaria,,data.gov.il
3793,אבני חפץ,AVNE HEFEZ,יהודה ושומרון,Judea and Samaria,,data.gov.il
3794,בת עין,BAT AYIN,יהודה ושומרון,Judea and Samaria,,data.gov.il
3795,רבבה,REVAVA,יהודה ושומרון,Judea and Samaria,,data.gov.il
3796,כפר האורנים,KEFAR HAORANIM,יהודה ושומרון,Judea and Samaria,,data.gov.il
3797,מודיעין עילית,MODI'IN ILLIT,יהודה ושומרון,Judea and Samaria,,data.gov.il
380,להבות הבשן,LAHAVOT HABASHAN,הצפון,North,,data.gov.il
3815,תל ציון,TEL TSIYON,יהודה ושומרון,Judea and Samaria,,data.gov.il
382,מכמורת,MIKHMORET,המרכז,Center,,data.gov.il
3822,רחלים,REHELIM,יהודה ושומרון,Judea and Samaria,,data.gov.il
3823,גני מודיעין,GANNE MODIIN,יהודה ושומרון,Judea and Samaria,,data.gov.il
3824,עמיחי,AMMIHAY,יהודה ושומרון,Judea and Samaria,,data.gov.il
3825,מבואות יריחו,MEVO'OT YERIHO,יהודה ושומרון,Judea and Samaria,,data.gov.il
3826,שער שומרון,SHA'AR SHOMRON,יהודה ושומרון,Judea and Samaria,,data.gov.il
383,עין הנציב,EN HANAZIV,הצפון,North,,data.gov.il
385,עמיעד,AMMI'AD,הצפון,North,,data.gov.il
386,בני דרור,BENE DEROR,המרכז,Center,,data.gov.il
3861,עשהאל,ASA'EL,יהודה ושומרון,Judea and Samaria,,data.gov.il
3862,גבעות הרואה,GIV'OT HARO'E,יהודה ושומרון,Judea and Samaria,,data.gov.il
3864,בית חוגלה,BET HOGLA,יהודה ושומרון,Judea and Samaria,,data.gov.il
3865,משמר יהודה,MISHMAR YEHUDA,יהודה ושומרון,Judea and Samaria,,data.gov.il
3868,שחרית,SHAHARIT,יהודה ושומרון,Judea and Samaria,,data.gov.il
3869,אביגיל,AVIGAYIL,יהודה ושומרון,Judea and Samaria,,data.gov.il
387,כפר מונש,KEFAR MONASH,המרכז,Center,,data.gov.il
3870,חרשה,HARESHA,יהודה ושומרון,Judea and Samaria,,data.gov.il
3871,מגרון,MIGRON,יהודה ושומרון,Judea and Samaria,,data.gov.il
3872,שבות רחל,SHVUT RAHEL,יהודה ושומרון,Judea and Samaria,,data.gov.il
3873,טל מנשה,TAL MENASHE,יהודה ושומרון,Judea and Samaria,,data.gov.il
3874,עדי עד,ADE AD,יהודה ושומרון,Judea and Samaria,,data.gov.il
3875,אחיה,AHIYA,יהודה ושומרון,Judea and Samaria,,data.gov.il
3876,נופי פרת,NOFE PRAT,יהודה ושומרון,Judea and Samaria,,data.gov.il
3877,נווה גדיד,NEVE GADID,יהודה ושומרון,Judea and Samaria,,data.gov.il
3878,תמרה,TMARA,יהודה ושומרון,Judea and Samaria,,data.gov.il
3879,מעוז,MA'OZ,יהודה ושומרון,Judea and Samaria,,data.gov.il
388,כפר קיש,KEFAR KISH,הצפון,North,,data.gov.il
3880,עיבל,EVAL,יהודה ושומרון,Judea and Samaria,,data.gov.il
3887,נזר שומרון,NEZER SHOMRON,יהודה ושומרון,Judea and Samaria,,data.gov.il
3889,כרם רעים,KEREM RE'IM,יהודה ושומרון,Judea and Samaria,,data.gov.il
389,בצרה,BAZRA,המרכז,Center,,data.gov.il
3890,נריה,NERIYA,יהודה ושומרון,Judea and Samaria,,data.gov.il
3891,איבי הנחל,IBBE HANAHAL,יהודה ושומרון,Judea and Samaria,,data.gov.il
3892,לשם,LESHEM,יהודה ושומרון,Judea and Samaria,,data.gov.il
3893,גודר,GODER,יהודה ושומרון,Judea and Samaria,,data.gov.il
3894,פרשים,PARASHIM,יהודה ושומרון,Judea and Samaria,,data.gov.il
3895,קדם ערבה,KEDEM ARAVA,יהודה ושומרון,Judea and Samaria,,data.gov.il
3896,יונדב,YONADAV,יהודה ושומרון,Judea and Samaria,,data.gov.il
3897,בתרון,BITRON,יהודה ושומרון,Judea and Samaria,,data.gov.il
3898,אלון,ALLON,יהודה ושומרון,Judea and Samaria,,data.gov.il
3899,מצפה זיף,MITSPE ZIF,יהודה ושומרון,Judea and Samaria,,data.gov.il
39,גפן,GEFEN,ירושלים,Jerusalem,,data.gov.il
390,רגבה,REGBA,הצפון,North,,data.gov.il
3901,לחי,LEHI,יהודה ושומרון,Judea and Samaria,,data.gov.il
3902,כנפי שחר,KANFE SHAHAR,יהודה ושומרון,Judea and Samaria,,data.gov.il
3903,מצוקי ארץ,METSUKE ERETS,יהודה ושומרון,Judea and Samaria,,data.gov.il
392,קדמה,QEDMA,הדרום,South,,data.gov.il
393,גלאון,GAL'ON,הדרום,South,,data.gov.il
394,שובל,SHOVAL,הדרום,South,,data.gov.il
395,משמר הנגב,MISHMAR HANEGEV,הדרום,South,,data.gov.il
396,נבטים,NEVATIM,הדרום,South,,data.gov.il
397,חצרים,HAZERIM,הדרום,South,,data.gov.il
398,שרשרת,SHARSHERET,הדרום,South,,data.gov.il
3987,אדוריים,ADORAYIM,יהודה ושומרון,Judea and Samaria,,data.gov.il
399,בארי,BE'ERI,הדרום,South,,data.gov.il
400,אבן שמואל,EVEN SHEMU'EL,הדרום,South,,data.gov.il
4000,חיפה,HAIFA,חיפה,Haifa,,data.gov.il
4001,בוקעאתא,BUQ'ATA,הצפון,North,,data.gov.il
4002,אלי-עד,ELI-AD,הצפון,North,,data.gov.il
4003,אל-רום,EL-ROM,הצפון,North,,data.gov.il
4004,כפר חרוב,KEFAR HARUV,הצפון,North,,data.gov.il
4005,חספין,HASPIN,הצפון,North,,data.gov.il
4006,קשת,QESHET,הצפון,North,,data.gov.il
4007,יונתן,YONATAN,הצפון,North,,data.gov.il
4008,מעלה גמלא,MA'ALE GAMLA,הצפון,North,,data.gov.il
4009,שעל,SHA'AL,הצפון,North,,data.gov.il
4010,אודם,ODEM,הצפון,North,,data.gov.il
4011,אבני איתן,AVNE ETAN,הצפון,North,,data.gov.il
4012,אניעם,ANI'AM,הצפון,North,,data.gov.il
4013,אורטל,ORTAL,הצפון,North,,data.gov.il
4014,נטור,NATUR,הצפון,North,,data.gov.il
4015,בני יהודה,BENE YEHUDA,הצפון,North,,data.gov.il
4017,אלוני הבשן,ALLONE HABASHAN,הצפון,North,,data.gov.il
4019,מיצר,MEZAR,הצפון,North,,data.gov.il
402,ניר יצחק,NIR YIZHAQ,הדרום,South,,data.gov.il
4021,גבעת יואב,GIV'AT YO'AV,הצפון,North,,data.gov.il
4022,גשור,GESHUR,הצפון,North,,data.gov.il
4024,קלע,QELA,הצפון,North,,data.gov.il
4025,קדמת צבי,QIDMAT ZEVI,הצפון,North,,data.gov.il
4026,חד-נס,HAD-NES,הצפון,North,,data.gov.il
4028,כנף,KANAF,הצפון,North,,data.gov.il
4029,רמת הנשיא טראמפ,PRESIDENT TRUMP HEI,הצפון,North,,data.gov.il
403,אורים,URIM,הדרום,South,,data.gov.il
4035,נמרוד,NIMROD,הצפון,North,,data.gov.il
405,נווה אילן,NEWE ILAN,ירושלים,Jerusalem,,data.gov.il
406,חצור-אשדוד,HAZOR-ASHDOD,הדרום,South,,data.gov.il
407,דברת,DAVERAT,הצפון,North,,data.gov.il
408,נאות מרדכי,NE'OT MORDEKHAY,הצפון,North,,data.gov.il
409,יחיעם,YEHI'AM,הצפון,North,,data.gov.il
41,אליכין,ELYAKHIN,המרכז,Center,,data.gov.il
4100,קצרין,QAZRIN,הצפון,North,,data.gov.il
4101,מרום גולן,MEROM GOLAN,הצפון,North,,data.gov.il
412,קרית שלמה,QIRYAT SHELOMO,המרכז,Center,,data.gov.il
413,צאלים,ZE'ELIM,הדרום,South,,data.gov.il
414,קלחים,QELAHIM,הדרום,South,,data.gov.il
415,שוקדה,SHOQEDA,הדרום,South,,data.gov.il
416,מעין ברוך,MA'YAN BARUKH,הצפון,North,,data.gov.il
417,יקום,YAQUM,המרכז,Center,,data.gov.il
418,בני ציון,BENE ZIYYON,המרכז,Center,,data.gov.il
419,סעד,SA'AD,הדרום,South,,data.gov.il
4201,מג'דל שמס,MAJDAL SHAMS,הצפון,North,,data.gov.il
4203,מסעדה,MAS'ADE,הצפון,North,,data.gov.il
4204,מבוא חמה,MEVO HAMMA,הצפון,North,,data.gov.il
421,משאבי שדה,MASH'ABBE SADE,הדרום,South,,data.gov.il
422,חרב לאת,HEREV LE'ET,המרכז,Center,,data.gov.il
423,העוגן,HAOGEN,המרכז,Center,,data.gov.il
424,גבים,GEVIM,הדרום,South,,data.gov.il
425,משמרת,MISHMERET,המרכז,Center,,data.gov.il
426,עין כרמל,EN KARMEL,חיפה,Haifa,,data.gov.il
427,כפר גלים,KEFAR GALLIM,חיפה,Haifa,,data.gov.il
428,ברור חיל,BEROR HAYIL,הדרום,South,,data.gov.il
429,אלוני אבא,ALLONE ABBA,הצפון,North,,data.gov.il
43,מטולה,METULA,הצפון,North,,data.gov.il
430,בית לחם הגלילית,BET LEHEM HAGELILIT,הצפון,North,,data.gov.il
4301,אפיק,AFIQ,הצפון,North,,data.gov.il
4303,נווה אטיב,NEWE ATIV,הצפון,North,,data.gov.il
4304,נוב,NOV,הצפון,North,,data.gov.il
431,דלתון,DALTON,הצפון,North,,data.gov.il
432,שמרת,SHAMERAT,הצפון,North,,data.gov.il
433,נחשולים,NAHSHOLIM,חיפה,Haifa,,data.gov.il
434,החותרים,HAHOTERIM,חיפה,Haifa,,data.gov.il
435,נצר סרני,NEZER SERENI,המרכז,Center,,data.gov.il
436,עין דור,EN DOR,הצפון,North,,data.gov.il
437,רשפים,RESHAFIM,הצפון,North,,data.gov.il
439,שלוחות,SHELUHOT,הצפון,North,,data.gov.il
44,זוהר,ZOHAR,הדרום,South,,data.gov.il
440,יסודות,YESODOT,המרכז,Center,,data.gov.il
442,גדעונה,GID'ONA,הצפון,North,,data.gov.il
443,כפר הנשיא,KEFAR HANASI,הצפון,North,,data.gov.il
444,רגבים,REGAVIM,חיפה,Haifa,,data.gov.il
445,רמות מנשה,RAMOT MENASHE,הצפון,North,,data.gov.il
446,אודים,UDIM,המרכז,Center,,data.gov.il
447,נורדיה,NORDIYYA,המרכז,Center,,data.gov.il
448,בני עטרות,BENE ATAROT,המרכז,Center,,data.gov.il
449,נחלים,NEHALIM,המרכז,Center,,data.gov.il
450,בארות יצחק,BE'EROT YIZHAQ,המרכז,Center,,data.gov.il
4501,ע'ג'ר,GHAJAR,הצפון,North,,data.gov.il
4502,עין קנייא,EIN QINIYYE,הצפון,North,,data.gov.il
4503,עין זיוון,EN ZIWAN,הצפון,North,,data.gov.il
452,יזרעאל,YIZRE'EL,הצפון,North,,data.gov.il
453,יפתח,YIFTAH,הצפון,North,,data.gov.il
454,סער,SA'AR,הצפון,North,,data.gov.il
4551,נאות גולן,NE'OT GOLAN,הצפון,North,,data.gov.il
456,שורש,SHORESH,ירושלים,Jerusalem,,data.gov.il
457,גזית,GAZIT,הצפון,North,,data.gov.il
46,יבנאל,YAVNE'EL,הצפון,North,,data.gov.il
460,רמת רזיאל,RAMAT RAZI'EL,ירושלים,Jerusalem,,data.gov.il
462,טל שחר,TAL SHAHAR,ירושלים,Jerusalem,,data.gov.il
463,געתון,GA'TON,הצפון,North,,data.gov.il
464,הראל,HAR'EL,ירושלים,Jerusalem,,data.gov.il
465,צובה,ZOVA,ירושלים,Jerusalem,,data.gov.il
466,בית דגן,BET DAGAN,המרכז,Center,,data.gov.il
469,קרית עקרון,QIRYAT EQRON,המרכז,Center,,data.gov.il
47,כפר תבור,KEFAR TAVOR,הצפון,North,,data.gov.il
4701,רמת מגשימים,RAMAT MAGSHIMIM,הצפון,North,,data.gov.il
4702,רמות,RAMOT,הצפון,North,,data.gov.il
472,אבו גוש,ABU GHOSH,ירושלים,Jerusalem,,data.gov.il
473,אבו סנאן,ABU SINAN,הצפון,North,,data.gov.il
475,דחי,DAHI,הצפון,North,,data.gov.il
478,אכסאל,IKSAL,הצפון,North,,data.gov.il
48,מנחמיה,MENAHEMYA,הצפון,North,,data.gov.il
480,בית ג'ן,BEIT JANN,הצפון,North,,data.gov.il
481,מגאר,MUGHAR,הצפון,North,,data.gov.il
482,בועיינה-נוג'ידאת,BU'EINE-NUJEIDAT,הצפון,North,,data.gov.il
483,בענה,BI NE,הצפון,North,,data.gov.il
485,ג'ולס,JULIS,הצפון,North,,data.gov.il
487,ג'ש (גוש חלב),JISH(GUSH HALAV),הצפון,North,,data.gov.il
489,דבוריה,DABBURYE,הצפון,North,,data.gov.il
49,אילניה,ILANIYYA,הצפון,North,,data.gov.il
490,דייר אל-אסד,DEIR AL-ASAD,הצפון,North,,data.gov.il
492,דייר חנא,DEIR HANNA,הצפון,North,,data.gov.il
493,דייר ראפאת,DEIR RAFAT,ירושלים,Jerusalem,,data.gov.il
494,דאלית אל-כרמל,DALIYAT AL-KARMEL,חיפה,Haifa,,data.gov.il
496,חורפיש,HURFEISH,הצפון,North,,data.gov.il
497,טייבה (בעמק),TAYIBE(BAEMEQ),הצפון,North,,data.gov.il
498,טורעאן,TUR'AN,הצפון,North,,data.gov.il
499,יפיע,YAFI,הצפון,North,,data.gov.il
5000,תל אביב - יפו,TEL AVIV - YAFO,תל אביב,Tel Aviv,,data.gov.il
502,ירכא,YIRKA,הצפון,North,,data.gov.il
504,כאבול,KABUL,הצפון,North,,data.gov.il
505,כאוכב אבו אל-היג'א,KAOKAB ABU AL-HIJA,הצפון,North,,data.gov.il
507,כפר יאסיף,KAFAR YASIF,הצפון,North,,data.gov.il
508,כפר כמא,KAFAR KAMA,הצפון,North,,data.gov.il
509,כפר כנא,KAFAR KANNA,הצפון,North,,data.gov.il
510,כפר מנדא,KAFAR MANDA,הצפון,North,,data.gov.il
511,עילוט,ILUT,הצפון,North,,data.gov.il
512,כפר מצר,KAFAR MISR,הצפון,North,,data.gov.il
514,עין ראפה,EIN RAFA,ירושלים,Jerusalem,,data.gov.il
516,מג'ד אל-כרום,MAJD AL-KURUM,הצפון,North,,data.gov.il
517,מזרעה,MAZRA'A,הצפון,North,,data.gov.il
518,מעיליא,MI'ELYA,הצפון,North,,data.gov.il
52,לוזית,LUZIT,ירושלים,Jerusalem,,data.gov.il
520,משהד,MESHHED,הצפון,North,,data.gov.il
521,עין נקובא,EIN NAQQUBA,ירושלים,Jerusalem,,data.gov.il
522,נחף,NAHEF,הצפון,North,,data.gov.il
523,ניין,NEIN,הצפון,North,,data.gov.il
524,נאעורה,NA'URA,הצפון,North,,data.gov.il
525,סאג'ור,SAJUR,הצפון,North,,data.gov.il
526,סולם,SULAM,הצפון,North,,data.gov.il
527,שזור,SHEZOR,הצפון,North,,data.gov.il
528,עוזייר,UZEIR,הצפון,North,,data.gov.il
529,אעבלין,I'BILLIN,הצפון,North,,data.gov.il
53,עתלית,ATLIT,חיפה,Haifa,,data.gov.il
530,עיילבון,EILABUN,הצפון,North,,data.gov.il
531,עראבה,ARRABE,הצפון,North,,data.gov.il
532,עין מאהל,EIN MAHEL,הצפון,North,,data.gov.il
534,עספיא,ISIFYA,חיפה,Haifa,,data.gov.il
535,פסוטה,FASSUTA,הצפון,North,,data.gov.il
536,פקיעין (בוקייעה),PEQI'IN (BUQEI'A),הצפון,North,,data.gov.il
537,פוריידיס,FUREIDIS,חיפה,Haifa,,data.gov.il
538,שעב,SHA'AB,הצפון,North,,data.gov.il
539,רומאנה,RUMMANE,הצפון,North,,data.gov.il
540,ריחאניה,REIHANIYYE,הצפון,North,,data.gov.il
541,ג'סר א-זרקא,JISR AZ-ZARQA,חיפה,Haifa,,data.gov.il
542,ריינה,REINE,הצפון,North,,data.gov.il
543,ראמה,RAME,הצפון,North,,data.gov.il
546,עין אל-אסד,EIN AL-ASAD,הצפון,North,,data.gov.il
547,טמרה (יזרעאל),TAMRA (YIZRE'EL),הצפון,North,,data.gov.il
549,גנות הדר,GANNOT HADAR,המרכז,Center,,data.gov.il
55,נוגה,NOGAH,הדרום,South,,data.gov.il
553,ניר בנים,NIR BANIM,הדרום,South,,data.gov.il
555,שדמה,SHEDEMA,המרכז,Center,,data.gov.il
559,בוסתן הגליל,BUSTAN HAGALIL,הצפון,North,,data.gov.il
562,בית אלעזרי,BET EL'AZARI,המרכז,Center,,data.gov.il
563,משמר דוד,MISHMAR DAWID,המרכז,Center,,data.gov.il
564,רבדים,REVADIM,הדרום,South,,data.gov.il
565,אזור,AZOR,תל אביב,Tel Aviv,,data.gov.il
566,גבעת שמש,GIV'AT SHEMESH,ירושלים,Jerusalem,,data.gov.il
567,צרעה,ZOR'A,ירושלים,Jerusalem,,data.gov.il
57,כנרת (קבוצה),KINNERET(QEVUZA),הצפון,North,,data.gov.il
570,מעונה,ME'ONA,הצפון,North,,data.gov.il
571,בית גמליאל,BET GAMLI'EL,המרכז,Center,,data.gov.il
572,בית העמק,BET HAEMEQ,הצפון,North,,data.gov.il
573,מבקיעים,MAVQI'IM,הדרום,South,,data.gov.il
574,גשר הזיו,GESHER HAZIW,הצפון,North,,data.gov.il
575,יסעור,YAS'UR,הצפון,North,,data.gov.il
576,כברי,KABRI,הצפון,North,,data.gov.il
577,יד בנימין,YAD BINYAMIN,המרכז,Center,,data.gov.il
578,סאסא,SASA,הצפון,North,,data.gov.il
579,כפר ראש הנקרה,KEFAR ROSH HANIQRA,הצפון,North,,data.gov.il
58,מצפה,MIZPA,הצפון,North,,data.gov.il
580,כרם מהרל,KEREM MAHARAL,חיפה,Haifa,,data.gov.il
582,כפר הנגיד,KEFAR HANAGID,המרכז,Center,,data.gov.il
584,זיקים,ZIQIM,הדרום,South,,data.gov.il
585,לביא,LAVI,הצפון,North,,data.gov.il
586,מגידו,MEGIDDO,הצפון,North,,data.gov.il
587,סביון,SAVYON,המרכז,Center,,data.gov.il
588,בני ראם,BENE RE'EM,המרכז,Center,,data.gov.il
589,בצת,BEZET,הצפון,North,,data.gov.il
59,נחושה,NEHUSHA,ירושלים,Jerusalem,,data.gov.il
590,נווה אור,NEWE UR,הצפון,North,,data.gov.il
591,עשרת,ASERET,המרכז,Center,,data.gov.il
592,בני דרום,BENE DAROM,המרכז,Center,,data.gov.il
593,ערוגות,ARUGOT,הדרום,South,,data.gov.il
594,צפריה,ZAFRIYYA,המרכז,Center,,data.gov.il
595,לוחמי הגיטאות,LOHAME HAGETA'OT,הצפון,North,,data.gov.il
596,מלכיה,MALKIYYA,הצפון,North,,data.gov.il
597,פלמחים,PALMAHIM,המרכז,Center,,data.gov.il
598,בית קמה,BET QAMA,הדרום,South,,data.gov.il
599,פרוד,PAROD,הצפון,North,,data.gov.il
6000,באקה אל-גרביה,BAQA AL-GHARBIYYE,חיפה,Haifa,,data.gov.il
602,נירים,NIRIM,הדרום,South,,data.gov.il
603,אלקוש,ELQOSH,הצפון,North,,data.gov.il
604,בית עריף,BET ARIF,המרכז,Center,,data.gov.il
605,כפר שמאי,KEFAR SHAMMAY,הצפון,North,,data.gov.il
606,מזור,MAZOR,המרכז,Center,,data.gov.il
607,מירון,MERON,הצפון,North,,data.gov.il
609,כפר חושן,KEFAR HOSHEN,הצפון,North,,data.gov.il
610,סתריה,SITRIYYA,המרכז,Center,,data.gov.il
6100,בני ברק,BENE BERAQ,תל אביב,Tel Aviv,,data.gov.il
612,צרופה,ZERUFA,חיפה,Haifa,,data.gov.il
613,ציפורי,ZIPPORI,הצפון,North,,data.gov.il
614,שומרה,SHOMERA,הצפון,North,,data.gov.il
615,קדרון,QIDRON,המרכז,Center,,data.gov.il
616,רינתיה,RINNATYA,המרכז,Center,,data.gov.il
617,ברקאי,BARQAY,חיפה,Haifa,,data.gov.il
618,חדיד,HADID,המרכז,Center,,data.gov.il
619,בית גוברין,BET GUVRIN,הדרום,South,,data.gov.il
62,דגניה א',DEGANYA ALEF,הצפון,North,,data.gov.il
620,משואות יצחק,MASSUOT YIZHAQ,הדרום,South,,data.gov.il
6200,בת ים,BAT YAM,תל אביב,Tel Aviv,,data.gov.il
622,עין צורים,EN ZURIM,הדרום,South,,data.gov.il
623,יראון,YIR'ON,הצפון,North,,data.gov.il
627,ג'לג'וליה,JALJULYE,המרכז,Center,,data.gov.il
628,ג'ת,JAAT,חיפה,Haifa,,data.gov.il
63,כנרת (מושבה),KINNERET(MOSHAVA),הצפון,North,,data.gov.il
6300,גבעתיים,GIV'ATAYIM,תל אביב,Tel Aviv,,data.gov.il
633,כפר ברא,KAFAR BARA,המרכז,Center,,data.gov.il
634,כפר קאסם,KAFAR QASEM,המרכז,Center,,data.gov.il
635,מוקייבלה,MUQEIBLE,הצפון,North,,data.gov.il
636,צנדלה,SANDALA,הצפון,North,,data.gov.il
637,ערערה,AR'ARA,חיפה,Haifa,,data.gov.il
638,קלנסווה,QALANSAWE,המרכז,Center,,data.gov.il
64,יד רמבם,YAD RAMBAM,המרכז,Center,,data.gov.il
6400,הרצליה,HERZELIYYA,תל אביב,Tel Aviv,,data.gov.il
648,מצר,MEZER,חיפה,Haifa,,data.gov.il
649,מייסר,MEISER,חיפה,Haifa,,data.gov.il
65,מגדל,MIGDAL,הצפון,North,,data.gov.il
6500,חדרה,HADERA,חיפה,Haifa,,data.gov.il
652,אבטין,IBTIN,חיפה,Haifa,,data.gov.il
654,כפר קרע,KAFAR QARA,חיפה,Haifa,,data.gov.il
658,שייח' דנון,SHEIKH DANNUN,הצפון,North,,data.gov.il
66,מרחביה (קיבוץ),MERHAVYA(QIBBUZ),הצפון,North,,data.gov.il
6600,חולון,HOLON,תל אביב,Tel Aviv,,data.gov.il
661,שער אפרים,SHA'AR EFRAYIM,המרכז,Center,,data.gov.il
662,חוסן,HOSEN,הצפון,North,,data.gov.il
663,טירת יהודה,TIRAT YEHUDA,המרכז,Center,,data.gov.il
664,כרם בן זמרה,KEREM BEN ZIMRA,הצפון,North,,data.gov.il
665,תקומה,TEQUMA,הדרום,South,,data.gov.il
666,עומר,OMER,הדרום,South,,data.gov.il
667,ברעם,BAR'AM,הצפון,North,,data.gov.il
668,מפלסים,MEFALLESIM,הדרום,South,,data.gov.il
67,אור הנר,OR HANER,הדרום,South,,data.gov.il
670,משמר איילון,MISHMAR AYYALON,המרכז,Center,,data.gov.il
6700,טבריה,TIBERIAS,הצפון,North,,data.gov.il
672,בית נקופה,BET NEQOFA,ירושלים,Jerusalem,,data.gov.il
673,כפר טרומן,KEFAR TRUMAN,המרכז,Center,,data.gov.il
674,לימן,LIMAN,הצפון,North,,data.gov.il
675,הבונים,HABONIM,חיפה,Haifa,,data.gov.il
676,עין השלושה,EN HASHELOSHA,הדרום,South,,data.gov.il
677,הסוללים,HASOLELIM,הצפון,North,,data.gov.il
678,מעגן,MA'AGAN,הצפון,North,,data.gov.il
679,אביאל,AVI'EL,חיפה,Haifa,,data.gov.il
680,אומץ,OMEZ,המרכז,Center,,data.gov.il
6800,קרית אתא,QIRYAT ATTA,חיפה,Haifa,,data.gov.il
681,גבעת שמואל,GIV'AT SHEMU'EL,המרכז,Center,,data.gov.il
682,אליקים,ELYAQIM,הצפון,North,,data.gov.il
683,גבע כרמל,GEVA KARMEL,חיפה,Haifa,,data.gov.il
684,היוגב,HAYOGEV,הצפון,North,,data.gov.il
685,בניה,BENAYA,המרכז,Center,,data.gov.il
686,נווה ימין,NEWE YAMIN,המרכז,Center,,data.gov.il
687,עין איילה,EN AYYALA,חיפה,Haifa,,data.gov.il
688,עלמה,ALMA,הצפון,North,,data.gov.il
689,מגדים,MEGADIM,חיפה,Haifa,,data.gov.il
69,ניר עוז,NIR OZ,הדרום,South,,data.gov.il
690,כפר אחים,KEFAR AHIM,הדרום,South,,data.gov.il
6900,כפר סבא,KEFAR SAVA,המרכז,Center,,data.gov.il
692,שפיר,SHAFIR,הדרום,South,,data.gov.il
693,נתיב הלה,NETIV HALAMED-HE,ירושלים,Jerusalem,,data.gov.il
694,מעגן מיכאל,MA'AGAN MIKHA'EL,חיפה,Haifa,,data.gov.il
695,מגן,MAGEN,הדרום,South,,data.gov.il
696,כפר חבד,KEFAR HABAD,המרכז,Center,,data.gov.il
697,בארותיים,BE'EROTAYIM,המרכז,Center,,data.gov.il
698,בורגתה,BURGETA,המרכז,Center,,data.gov.il
699,ניר ישראל,NIR YISRA'EL,הדרום,South,,data.gov.il
7,שחר,SHAHAR,הדרום,South,,data.gov.il
70,אשדוד,ASHDOD,הדרום,South,,data.gov.il
700,חצב,HAZAV,הדרום,South,,data.gov.il
7000,לוד,LOD,המרכז,Center,,data.gov.il
701,ארבל,ARBEL,הצפון,North,,data.gov.il
702,האון,HAON,הצפון,North,,data.gov.il
703,גבעת עוז,GIV'AT OZ,הצפון,North,,data.gov.il
705,נחשונים,NAHSHONIM,המרכז,Center,,data.gov.il
706,גיאה,GE'A,הדרום,South,,data.gov.il
707,כפר דניאל,KEFAR DANIYYEL,המרכז,Center,,data.gov.il
708,עמקה,AMQA,הצפון,North,,data.gov.il
709,תפרח,TIFRAH,הדרום,South,,data.gov.il
71,אשבול,ESHBOL,הדרום,South,,data.gov.il
710,בית זית,BET ZAYIT,ירושלים,Jerusalem,,data.gov.il
7100,אשקלון,ASHQELON,הדרום,South,,data.gov.il
711,עזריה,AZARYA,המרכז,Center,,data.gov.il
712,בן עמי,BEN AMMI,הצפון,North,,data.gov.il
713,רעים,RE'IM,הדרום,South,,data.gov.il
714,ארז,EREZ,הדרום,South,,data.gov.il
715,להבות חביבה,LAHAVOT HAVIVA,חיפה,Haifa,,data.gov.il
716,אייל,EYAL,המרכז,Center,,data.gov.il
717,חגור,HAGOR,המרכז,Center,,data.gov.il
718,ירחיב,YARHIV,המרכז,Center,,data.gov.il
719,תל קציר,TEL QAZIR,הצפון,North,,data.gov.il
72,גן שמואל,GAN SHEMU'EL,חיפה,Haifa,,data.gov.il
720,ניר גלים,NIR GALLIM,המרכז,Center,,data.gov.il
7200,נס ציונה,NES ZIYYONA,המרכז,Center,,data.gov.il
721,שדה אילן,SEDE ILAN,הצפון,North,,data.gov.il
722,מגשימים,MAGSHIMIM,המרכז,Center,,data.gov.il
723,בית הגדי,BET HAGADDI,הדרום,South,,data.gov.il
726,הודיה,HODIYYA,הדרום,South,,data.gov.il
727,תלמי יחיאל,TALME YEHI'EL,הדרום,South,,data.gov.il
729,משמר השבעה,MISHMAR HASHIV'A,המרכז,Center,,data.gov.il
730,אליפלט,ELIFELET,הצפון,North,,data.gov.il
7300,נצרת,NAZARETH,הצפון,North,,data.gov.il
731,מישר,MESHAR,המרכז,Center,,data.gov.il
732,משמר הירדן,MISHMAR HAYARDEN,הצפון,North,,data.gov.il
734,גן יאשיה,GAN YOSHIYYA,המרכז,Center,,data.gov.il
735,רמות מאיר,RAMOT ME'IR,המרכז,Center,,data.gov.il
736,גילת,GILAT,הדרום,South,,data.gov.il
737,עולש,OLESH,המרכז,Center,,data.gov.il
738,דור,DOR,חיפה,Haifa,,data.gov.il
739,שדה עוזיהו,SEDE UZZIYYAHU,הדרום,South,,data.gov.il
74,עין הוד,EN HOD,חיפה,Haifa,,data.gov.il
740,אשתאול,ESHTA'OL,ירושלים,Jerusalem,,data.gov.il
7400,נתניה,NETANYA,המרכז,Center,,data.gov.il
741,שואבה,SHO'EVA,ירושלים,Jerusalem,,data.gov.il
742,מסילת ציון,MESILLAT ZIYYON,ירושלים,Jerusalem,,data.gov.il
743,כפר שמואל,KEFAR SHEMU'EL,המרכז,Center,,data.gov.il
744,תלמי יפה,TALME YAFE,הדרום,South,,data.gov.il
745,גמזו,GIMZO,המרכז,Center,,data.gov.il
746,ברכיה,BEREKHYA,הדרום,South,,data.gov.il
747,בית שקמה,BET SHIQMA,הדרום,South,,data.gov.il
748,מסלול,MASLUL,הדרום,South,,data.gov.il
749,פטיש,PATTISH,הדרום,South,,data.gov.il
750,פדויים,PEDUYIM,הדרום,South,,data.gov.il
7500,סח'נין,SAKHNIN,הצפון,North,,data.gov.il
751,בית מאיר,BET ME'IR,ירושלים,Jerusalem,,data.gov.il
752,תעוז,TA'OZ,ירושלים,Jerusalem,,data.gov.il
753,ינוב,YANUV,המרכז,Center,,data.gov.il
755,גורן,GOREN,הצפון,North,,data.gov.il
756,בית עזרא,BET EZRA,הדרום,South,,data.gov.il
757,מצליח,MAZLIAH,המרכז,Center,,data.gov.il
758,יד חנה,YAD HANNA,המרכז,Center,,data.gov.il
759,יציץ,YAZIZ,המרכז,Center,,data.gov.il
76,כפר גלעדי,KEFAR GIL'ADI,הצפון,North,,data.gov.il
760,בן זכאי,BEN ZAKKAY,המרכז,Center,,data.gov.il
7600,עכו,AKKO,הצפון,North,,data.gov.il
761,שובה,SHUVA,הדרום,South,,data.gov.il
762,בטחה,BITHA,הדרום,South,,data.gov.il
763,שתולים,SHETULIM,הדרום,South,,data.gov.il
764,כפר מרדכי,KEFAR MORDEKHAY,המרכז,Center,,data.gov.il
765,משגב דב,MISGAV DOV,המרכז,Center,,data.gov.il
766,קוממיות,QOMEMIYYUT,הדרום,South,,data.gov.il
767,פורת,PORAT,המרכז,Center,,data.gov.il
768,כרמיה,KARMIYYA,הדרום,South,,data.gov.il
769,ניר עציון,NIR EZYON,חיפה,Haifa,,data.gov.il
77,איילת השחר,AYYELET HASHAHAR,הצפון,North,,data.gov.il
7700,עפולה,AFULA,הצפון,North,,data.gov.il
771,מבוא ביתר,MEVO BETAR,ירושלים,Jerusalem,,data.gov.il
772,אמונים,EMUNIM,הדרום,South,,data.gov.il
773,עמיקם,AMMIQAM,חיפה,Haifa,,data.gov.il
774,צוריאל,ZURI'EL,הצפון,North,,data.gov.il
775,יד נתן,YAD NATAN,הדרום,South,,data.gov.il
776,מחסיה,MAHSEYA,ירושלים,Jerusalem,,data.gov.il
777,נחשון,NAHSHON,ירושלים,Jerusalem,,data.gov.il
778,תרום,TARUM,ירושלים,Jerusalem,,data.gov.il
779,עמינדב,AMMINADAV,ירושלים,Jerusalem,,data.gov.il
78,קרית ענבים,QIRYAT ANAVIM,ירושלים,Jerusalem,,data.gov.il
780,אורה,ORA,ירושלים,Jerusalem,,data.gov.il
7800,פרדס חנה-כרכור,PARDES HANNA-KARKUR,חיפה,Haifa,,data.gov.il
783,אבן ספיר,EVEN SAPPIR,ירושלים,Jerusalem,,data.gov.il
784,בית נחמיה,BET NEHEMYA,המרכז,Center,,data.gov.il
785,אחיהוד,AHIHUD,הצפון,North,,data.gov.il
786,כפר זיתים,KEFAR ZETIM,הצפון,North,,data.gov.il
787,גבעת יערים,GIV'AT YE'ARIM,ירושלים,Jerusalem,,data.gov.il
788,זיתן,ZETAN,המרכז,Center,,data.gov.il
789,רנן,RANNEN,הדרום,South,,data.gov.il
79,דגניה ב',DEGANYA BET,הצפון,North,,data.gov.il
7900,פתח תקווה,PETAH TIQWA,המרכז,Center,,data.gov.il
791,משען,MASH'EN,הדרום,South,,data.gov.il
792,נתיב השיירה,NETIV HASHAYYARA,הצפון,North,,data.gov.il
793,גבעתי,GIV'ATI,הדרום,South,,data.gov.il
794,עגור,AGUR,ירושלים,Jerusalem,,data.gov.il
795,יערה,YA'ARA,הצפון,North,,data.gov.il
796,צלפון,ZELAFON,ירושלים,Jerusalem,,data.gov.il
797,אחיעזר,AHI'EZER,המרכז,Center,,data.gov.il
798,יגל,YAGEL,המרכז,Center,,data.gov.il
799,זכריה,ZEKHARYA,ירושלים,Jerusalem,,data.gov.il
80,נהלל,NAHALAL,הצפון,North,,data.gov.il
800,בית חנניה,BET HANANYA,חיפה,Haifa,,data.gov.il
8000,צפת,ZEFAT,הצפון,North,,data.gov.il
801,חמד,HEMED,המרכז,Center,,data.gov.il
802,גבעת כח,GIV'AT KOAH,המרכז,Center,,data.gov.il
803,יושיביה,YOSHIVYA,הדרום,South,,data.gov.il
804,אחיסמך,AHISAMAKH,המרכז,Center,,data.gov.il
805,ישעי,YISH'I,ירושלים,Jerusalem,,data.gov.il
806,עין יהב,EN YAHAV,הדרום,South,,data.gov.il
807,חניאל,HANNI'EL,המרכז,Center,,data.gov.il
808,ניר אליהו,NIR ELIYYAHU,המרכז,Center,,data.gov.il
809,נחם,NAHAM,ירושלים,Jerusalem,,data.gov.il
810,עופר,OFER,חיפה,Haifa,,data.gov.il
811,יכיני,YAKHINI,הדרום,South,,data.gov.il
812,שלומי,SHELOMI,הצפון,North,,data.gov.il
813,עין יעקב,EN YA'AQOV,הצפון,North,,data.gov.il
814,תלמים,TELAMIM,הדרום,South,,data.gov.il
815,זבדיאל,ZAVDI'EL,הדרום,South,,data.gov.il
816,זנוח,ZANOAH,ירושלים,Jerusalem,,data.gov.il
817,עזריקם,AZRIQAM,הדרום,South,,data.gov.il
818,זרחיה,ZERAHYA,הדרום,South,,data.gov.il
819,אביגדור,AVIGEDOR,הדרום,South,,data.gov.il
82,עין חרוד (מאוחד),EN HAROD(ME'UHAD),הצפון,North,,data.gov.il
820,חלץ,HELEZ,הדרום,South,,data.gov.il
8200,קרית מוצקין,QIRYAT MOTZKIN,חיפה,Haifa,,data.gov.il
821,אחוזם,AHUZZAM,הדרום,South,,data.gov.il
822,מטע,MATTA,ירושלים,Jerusalem,,data.gov.il
823,בר גיורא,BAR GIYYORA,ירושלים,Jerusalem,,data.gov.il
824,כוכב מיכאל,KOKHAV MIKHA'EL,הדרום,South,,data.gov.il
825,נס הרים,NES HARIM,ירושלים,Jerusalem,,data.gov.il
826,עוזה,UZA,הדרום,South,,data.gov.il
827,נווה מבטח,NEWE MIVTAH,הדרום,South,,data.gov.il
828,ישרש,YASHRESH,המרכז,Center,,data.gov.il
829,מבטחים,MIVTAHIM,הדרום,South,,data.gov.il
8300,ראשון לציון,RISHON LEZIYYON,המרכז,Center,,data.gov.il
831,ירוחם,YEROHAM,הדרום,South,,data.gov.il
833,נורית,NURIT,הצפון,North,,data.gov.il
836,גנות,GANNOT,המרכז,Center,,data.gov.il
837,עזריאל,AZRI'EL,המרכז,Center,,data.gov.il
838,פדיה,PEDAYA,המרכז,Center,,data.gov.il
839,פתחיה,PETAHYA,המרכז,Center,,data.gov.il
84,תל יוסף,TEL YOSEF,הצפון,North,,data.gov.il
840,כיסופים,KISSUFIM,הדרום,South,,data.gov.il
8400,רחובות,REHOVOT,המרכז,Center,,data.gov.il
841,אלישמע,ELISHAMA,המרכז,Center,,data.gov.il
842,געש,GA'ASH,המרכז,Center,,data.gov.il
843,מרגליות,MARGALIYYOT,הצפון,North,,data.gov.il
844,נחל עוז,NAHAL OZ,הדרום,South,,data.gov.il
845,כפר עזה,KEFAR AZZA,הדרום,South,,data.gov.il
846,שפר,SHEFER,הצפון,North,,data.gov.il
848,בית רבן,BET RABBAN,המרכז,Center,,data.gov.il
849,דביר,DVIR,הדרום,South,,data.gov.il
85,כפר יחזקאל,KEFAR YEHEZQEL,הצפון,North,,data.gov.il
850,אחיטוב,AHITUV,המרכז,Center,,data.gov.il
8500,רמלה,RAMLA,המרכז,Center,,data.gov.il
851,ניצני עוז,NIZZANE OZ,המרכז,Center,,data.gov.il
852,גונן,GONEN,הצפון,North,,data.gov.il
853,גאליה,GE'ALYA,המרכז,Center,,data.gov.il
854,רחוב,REHOV,הצפון,North,,data.gov.il
856,שעלבים,SHA'ALVIM,המרכז,Center,,data.gov.il
857,כפר אביב,KEFAR AVIV,המרכז,Center,,data.gov.il
858,נווה ירק,NEWE YARAQ,המרכז,Center,,data.gov.il
859,כסלון,KESALON,ירושלים,Jerusalem,,data.gov.il
86,גבע,GEVA,הצפון,North,,data.gov.il
8600,רמת גן,RAMAT GAN,תל אביב,Tel Aviv,,data.gov.il
861,שדה אליעזר,SEDE ELI'EZER,הצפון,North,,data.gov.il
862,גני יוחנן,GANNE YOHANAN,המרכז,Center,,data.gov.il
863,גינתון,GINNATON,המרכז,Center,,data.gov.il
864,בקוע,BEQOA,ירושלים,Jerusalem,,data.gov.il
865,שיבולים,SHIBBOLIM,הדרום,South,,data.gov.il
866,יטבתה,YOTVATA,הדרום,South,,data.gov.il
868,אלוני יצחק,ALLONE YIZHAQ,חיפה,Haifa,,data.gov.il
870,גבעת השלושה,GIV'AT HASHELOSHA,המרכז,Center,,data.gov.il
8700,רעננה,RA'ANANA,המרכז,Center,,data.gov.il
871,עינת,ENAT,המרכז,Center,,data.gov.il
872,גאולי תימן,GE'ULE TEMAN,המרכז,Center,,data.gov.il
873,שלווה,SHALWA,הדרום,South,,data.gov.il
874,מגדל העמק,MIGDAL HAEMEQ,הצפון,North,,data.gov.il
875,כפר עבודה,KEFAR AVODA,המרכז,Center,,data.gov.il
877,בית חירות,BET HERUT,המרכז,Center,,data.gov.il
88,כרם בן שמן,KEREM BEN SHEMEN,המרכז,Center,,data.gov.il
880,עין שריד,EN SARID,המרכז,Center,,data.gov.il
8800,שפרעם,SHEFAR'AM,הצפון,North,,data.gov.il
882,אורנים,ORANIM,חיפה,Haifa,,data.gov.il
885,שדה בוקר,SEDE BOQER,הדרום,South,,data.gov.il
886,איתנים,ETANIM,ירושלים,Jerusalem,,data.gov.il
888,כפר הריף,KEFAR HARIF,הדרום,South,,data.gov.il
889,כפר חסידים ב',KEFAR HASIDIM BET,חיפה,Haifa,,data.gov.il
89,עין חרוד (איחוד),EN HAROD (IHUD),הצפון,North,,data.gov.il
890,כפר הנוער הדתי,KEFAR HANO'AR HADATI,חיפה,Haifa,,data.gov.il
8900,טמרה,TAMRA,הצפון,North,,data.gov.il
892,עבדון,AVDON,הצפון,North,,data.gov.il
897,מדרשת רופין,MIDRESHET RUPPIN,המרכז,Center,,data.gov.il
90,חפצי-בה,HEFZI-BAH,הצפון,North,,data.gov.il
9000,באר שבע,BE'ER SHEVA,הדרום,South,,data.gov.il
9100,נהריה,NAHARIYYA,הצפון,North,,data.gov.il
913,שבלי - אום אל-גנם,SHIBLI,הצפון,North,,data.gov.il
916,ישע,YESHA,הדרום,South,,data.gov.il
917,עצמון שגב,ATSMON-SEGEV,הצפון,North,,data.gov.il
919,גבעת ישעיהו,GIV'AT YESHA'YAHU,ירושלים,Jerusalem,,data.gov.il
92,גיניגר,GINNEGAR,הצפון,North,,data.gov.il
9200,בית שאן,BET SHE'AN,הצפון,North,,data.gov.il
921,שער מנשה,SHA'AR MENASHE,חיפה,Haifa,,data.gov.il
922,רכסים,REKHASIM,חיפה,Haifa,,data.gov.il
926,נווה אבות,NEWE AVOT,חיפה,Haifa,,data.gov.il
9300,זכרון יעקב,ZIKHRON YA'AQOV,חיפה,Haifa,,data.gov.il
932,אבו עמרה (שבט),ABU AMRE,הדרום,South,,data.gov.il
935,אבו סריחאן (שבט),ABU SUREIHAN,הדרום,South,,data.gov.il
939,מסעודין אל-עזאזמה,MAS'UDIN AL-'AZAZME,הדרום,South,,data.gov.il
94,בלפוריה,BALFURIYYA,הצפון,North,,data.gov.il
9400,יהוד-מונוסון,YEHUD-MONOSON,המרכז,Center,,data.gov.il
942,סואעד (חמירה),SAWA'ID (HUMAYRA),הצפון,North,,data.gov.il
944,בסמת טבעון,BASMAT TAB'UN,הצפון,North,,data.gov.il
948,חוג'ייראת (ד'הרה),HUJEIRAT (DAHRA),הצפון,North,,data.gov.il
95,בית אלפא,BET ALFA,הצפון,North,,data.gov.il
9500,קרית ביאליק,QIRYAT BIALIK,חיפה,Haifa,,data.gov.il
956,הוזייל (שבט),HUZAYYEL,הדרום,South,,data.gov.il
957,עוקבי (בנו עוקבה),UQBI (BANU UQBA),הדרום,South,,data.gov.il
958,אבו עבדון (שבט),ABU ABDUN,הדרום,South,,data.gov.il
959,אפיניש (שבט),AFEINISH,הדרום,South,,data.gov.il
96,יגור,YAGUR,חיפה,Haifa,,data.gov.il
960,אסד (שבט),ASAD,הדרום,South,,data.gov.il
9600,קרית ים,QIRYAT YAM,חיפה,Haifa,,data.gov.il
961,אבו רוקייק (שבט),ABU RUQAYYEQ,הדרום,South,,data.gov.il
962,טובא-זנגריה,TUBA-ZANGARIYYE,הצפון,North,,data.gov.il
963,אעצם (שבט),A'SAM,הדרום,South,,data.gov.il
964,קודייראת א-צאנע(שבט),QUDEIRAT AS-SANI,הדרום,South,,data.gov.il
965,אטרש (שבט),ATRASH,הדרום,South,,data.gov.il
966,אבו רובייעה (שבט),ABU RUBEI'A,הדרום,South,,data.gov.il
967,אבו ג'ווייעד (שבט),ABU JUWEI'ID,הדרום,South,,data.gov.il
968,אבו קורינאת (שבט),ABU QUREINAT,הדרום,South,,data.gov.il
969,עטאוונה (שבט),ATAWNE,הדרום,South,,data.gov.il
97,מרחביה (מושב),MERHAVYA(MOSHAV),הצפון,North,,data.gov.il
970,תראבין א-צאנע (שבט),TARABIN AS-SANI,הדרום,South,,data.gov.il
9700,הוד השרון,HOD HASHARON,המרכז,Center,,data.gov.il
972,קוואעין (שבט),QAWA'IN,הדרום,South,,data.gov.il
975,זרזיר,ZARZIR,הצפון,North,,data.gov.il
976,ג'נאביב (שבט),JUNNABIB,הדרום,South,,data.gov.il
978,כעביה-טבאש-חג'אג'רה,KA'ABIYYE-TABBASH-HA,הצפון,North,,data.gov.il
98,כפר מלל,KEFAR MALAL,המרכז,Center,,data.gov.il
9800,בנימינה-גבעת עדה,BINYAMINA,חיפה,Haifa,,data.gov.il
986,ח'ואלד (שבט),KHAWALED,הצפון,North,,data.gov.il
989,סואעד (כמאנה) (שבט),SAWA'ID (KAMANE),הצפון,North,,data.gov.il
99,מצפה רמון,MIZPE RAMON,הדרום,South,,data.gov.il
990,ראס עלי,RAS ALI,חיפה,Haifa,,data.gov.il
993,חמאם,HAMAM,הצפון,North,,data.gov.il
994,מנשית זבדה,MANSHIYYET ZABDA,הצפון,North,,data.gov.il
997,רומת הייב,RUMAT HEIB,הצפון,North,,data.gov.il
998,ביר אל-מכסור,BIR EL-MAKSUR,הצפון,North,,data.gov.il
